company_name,headquarters_city,headquarters_country,founded_year,company_age_years,total_funding_millions,log_total_funding,num_rounds,rounds_largest_millions,funding_velocity,founded_date,last_funding_date,primary_category,subcategory,is_bay_area,is_usa,is_nyc,is_london,is_telaviv,is_llm,is_computer_vision,is_robotics,is_mlops,is_agent,is_fin_ai,is_health_ai,is_security_ai,is_climate_ai,is_enterprise_ai,is_other_ai,has_mega_round,is_unicorn,top_tier_investor
1Buy.ai,New Delhi,India,2023,3,3.0,1.0986122886681098,1.0,3.0,1.0,2023-01-01,2026-01-29,SaaS,"AI-Driven Procurement Technology, SaaS, Supply Chain",0,0,0,0,0,0,0,0,0,0,0,0,0,0,1,0,0,0,N
360 ONE Asset,Mumbai,India,,,109.8,4.69866052907543,1.0,109.8,,,2026-01-21,Financial Services,"Asset Management, Financial Services, Investment Banking",0,0,0,0,0,0,0,0,0,0,1,0,0,0,0,0,1,0,N
4baseCare,Bangalore,India,2018,8,8.0,2.0794415416798357,2.0,6.0,1.0,2018-01-01,2024-08-12,Healthcare,"Diagnostics, Healthcare, Medical Technology",0,0,0,0,0,0,0,0,0,0,0,1,0,0,0,0,0,0,N
7AI,Boston,United States,2024,2,130.0,4.867534450455582,1.0,130.0,65.0,2024-01-01,2025-12-04,Artificial Intelligence,"Artificial Intelligence, Cybersecurity, Enterprise Software",0,1,0,0,0,0,0,0,0,0,0,0,1,0,1,0,1,0,Y
9fin,London,United Kingdom,2016,10,159.8,5.073923033332174,1.0,159.8,15.98,2016-01-01,2026-03-31,Artificial Intelligence,"AI, Analytics, Data",0,0,0,1,0,0,0,0,0,0,0,0,0,0,0,1,1,0,N
Accelsius,Austin,United States,2022,4,89.3,4.492001487882454,3.0,65.0,22.325,2022-01-01,2026-01-13,Artificial Intelligence,"AI, Data Centers, Hardware",0,1,0,0,0,0,0,0,0,0,0,0,0,0,0,1,1,0,N
Adaptive6,Tel Aviv,Israel,2021,5,44.0,3.784189633918261,2.0,28.0,8.8,2021-01-01,2026-01-28,Cloud Infrastructure,"AI‑Driven Cost Optimization, Cloud Infrastructure, FinOps",0,0,0,0,1,0,0,0,1,0,0,0,0,0,0,0,0,0,N
Adonis,Town of Greece,United States,2022,4,40.0,3.6888794541139363,1.0,40.0,10.0,2022-01-01,2026-03-25,Artificial Intelligence,"AI, HealthTech, rcm",0,1,0,0,0,0,0,0,0,0,0,1,0,0,0,0,0,0,Y
Aerem,,France,,,15.0,2.70805020110221,1.0,15.0,,,2026-01-21,Manufacturing,"Industrial Equipment, Manufacturing",0,0,0,0,0,0,0,0,0,0,0,0,0,0,0,1,0,0,N
Agaton,Stockholm,Sverige,2024,2,10.0,2.302585092994046,1.0,10.0,5.0,2024-01-01,2026-03-05,Artificial Intelligence,"AI, B2B, SaaS",0,0,0,0,0,0,0,0,0,0,0,0,0,0,1,0,0,0,N
Agileday,Espoo,Finland,2022,4,15.9,2.766319109226186,3.0,7.5,3.975,2022-01-01,2026-01-23,SaaS,"Project Management, SaaS",0,0,0,0,0,0,0,0,0,0,0,0,0,0,1,0,0,0,N
AgileRL,London,United Kingdom,2023,3,9.4,2.2407096892759584,2.0,7.5,3.1333333333333333,2023-01-01,2026-01-07,Artificial Intelligence,"Artificial Intelligence, Machine Learning",0,0,0,1,0,0,0,0,0,0,0,0,0,0,0,1,0,0,N
AI Strike,San Francisco,United States,2023,3,7.0,1.9459101490553132,1.0,7.0,2.3333333333333335,2023-01-01,2026-01-21,Cybersecurity,"AI-Native Security Operations, Cybersecurity",1,1,0,0,0,0,0,0,0,0,0,0,1,0,0,0,0,0,N
Airbyte,San Francisco,United States,2020,6,176.0,5.170483995038151,2.0,150.0,29.333333333333332,2020-01-01,2021-12-20,Artificial Intelligence,"Active, Artificial Intelligence, Data Engineering",1,1,0,0,0,0,0,0,1,0,0,0,0,0,0,0,1,0,Y
AirHub,Groningen,Netherlands,,,4.8,1.5686159179138452,1.0,4.8,,,2026-04-08,Enterprise Software,"Defense, Drones, Software",0,0,0,0,0,0,0,0,0,0,0,0,0,0,1,0,0,0,N
Allocation Strategy,New York,United States,,,2.1,0.7419373447293773,1.0,2.1,,,2026-01-20,Fintech,"Analytics, FinTech, Investment Management",0,1,1,0,0,0,0,0,0,0,1,0,0,0,0,0,0,0,N
Alpaca,San Mateo,United States,2015,11,333.0,5.808142489980444,7.0,150.0,30.272727272727273,2015-01-01,2026-01-14,Fintech,"FinTech, Investment Technology",0,1,0,0,0,0,0,0,0,0,1,0,0,0,0,0,1,0,N
AlphaLum,Lausanne,Switzerland,,,3.9,1.3609765531356006,1.0,3.9,,,2026-01-15,Hardware,"AR, Optics, Smart Glasses",0,0,0,0,0,0,0,0,0,0,0,0,0,0,0,1,0,0,N
Alt DRX,Bengaluru,India,2021,5,3.4,1.2237754316221157,2.0,2.7,0.6799999999999999,2021-01-01,2026-02-04,Fintech,"Digital Assets, FinTech, PropTech",0,0,0,0,0,0,0,0,0,0,1,0,0,0,0,0,0,0,N
Altek AI,Oslo,Norway,2024,2,0.5,-0.6931471805599453,1.0,0.5,0.25,2024-01-01,2026-01-23,Artificial Intelligence,"AI, Hospitality Tech",0,0,0,0,0,0,0,0,0,0,0,0,0,0,0,1,0,0,N
Altilium,Plymouth,United Kingdom,,,24.0,3.1780538303479458,1.0,24.0,,,2026-04-10,Climate Tech,,0,0,0,0,0,0,0,0,0,0,0,0,0,1,0,0,0,0,N
Amazon,Seattle,United States,1994,32,9.2,2.2192034840549946,3.0,8.0,0.2875,1994-01-01,1996-06-01,E-Commerce,"Cloud Computing, E-commerce, Technology",0,1,0,0,0,0,0,0,0,0,0,0,0,0,0,1,0,0,Y
Amplitude,San Francisco,United States,2012,14,119.0,4.77912349311153,5.0,50.0,8.5,2012-01-01,2021-09-28,Developer Tools,"B2B, Public, W12",1,1,0,0,0,0,0,0,1,0,0,0,0,0,0,0,1,0,Y
Anduril,Costa Mesa,United States,2017,9,6700.0,8.809862805379057,11.0,2500.0,744.4444444444445,2017-01-01,2025-06-05,Artificial Intelligence,"AI, Defense, Hardware",0,1,0,0,0,0,0,0,0,0,0,0,0,0,0,1,1,1,Y
Angoor AI,Bengaluru,India,2023,3,0.24,-1.4271163556401458,1.0,0.24,0.08,2023-01-01,2026-04-08,Artificial Intelligence,"AI, CRM, Customer Support",0,0,0,0,0,0,0,0,0,0,0,0,0,0,0,1,0,0,N
Anthropic,San Francisco,United States,2021,5,30000.0,10.308952660644293,1.0,30000.0,6000.0,2021-01-01,2026-02-12,Artificial Intelligence,"AI, llm, Safety",1,1,0,0,0,1,0,0,0,0,0,0,0,0,0,0,1,1,Y
Antidote,New York,United States,,,5.0,1.6094379124341003,1.0,5.0,,,2026-01-21,Digital Health,"Clinical Trials, Digital Health, Healthcare Technology",0,1,1,0,0,0,0,0,0,0,0,1,0,0,0,0,0,0,N
Anvil Robotics,Palo Alto,United States,2025,1,5.5,1.7047480922384253,1.0,5.5,5.5,2025-01-01,2026-04-02,Artificial Intelligence,"Developer Tools, Hardware, Manufacturing",1,1,0,0,0,0,0,0,1,0,0,0,0,0,0,0,0,0,N
Anzen Industries,San Francisco,United States,,,2.2,0.7884573603642703,1.0,2.2,,,2026-01-20,Artificial Intelligence,"AI, Compliance, Industrial Safety",1,1,0,0,0,0,0,0,0,0,0,0,0,0,0,1,0,0,N
Applied Atomics,,United States,2023,3,8.3,2.1162555148025524,1.0,8.3,2.766666666666667,2023-01-01,2026-03-25,Energy,"Climate Tech, Deep-tech, Energy",0,1,0,0,0,0,0,0,0,0,0,0,0,1,0,0,0,0,N
AquaAirX,Bengaluru,India,2024,2,1.0,0.0,1.0,1.0,0.5,2024-01-01,2026-01-28,Robotics,"Aerospace & Marine Technology, Autonomous Systems, Climate Tech",0,0,0,0,0,0,0,1,0,0,0,0,0,1,0,0,0,0,Y
Aria Networks,Palo Alto,United States,2025,1,125.0,4.8283137373023015,1.0,125.0,125.0,2025-01-01,2026-04-07,Artificial Intelligence,"AI, Data Centers, Hardware",1,1,0,0,0,0,0,0,0,0,0,0,0,0,0,1,1,0,N
Arinna,Stanford,United States,2024,2,4.0,1.3862943611198906,1.0,4.0,2.0,2024-01-01,2026-03-25,Energy,"Deep-tech, Energy, solar",0,1,0,0,0,0,0,0,0,0,0,0,0,1,0,0,0,0,N
Arrowhead,Bangalore,India,2022,4,3.3,1.1939224684724346,2.0,3.0,0.825,2022-01-01,2026-01-07,Artificial Intelligence,"Artificial Intelligence, FinTech, Voice AI",0,0,0,0,0,0,0,0,0,1,1,0,0,0,0,0,0,0,N
Arthum,nan,,,,,,,,,,,Fintech,,0,0,0,0,0,0,0,0,0,0,1,0,0,0,0,0,0,0,N
Articul8,Santa Clara,United States,2023,3,110.0,4.700480365792417,2.0,70.0,36.666666666666664,2023-01-01,2026-01-07,Generative AI,"Enterprise AI, Generative AI",1,1,0,0,0,1,0,0,0,0,0,0,0,0,1,0,1,0,N
Astranova Mobility,Gurugram,India,,,6.4,1.8562979903656263,1.0,6.4,,,2026-04-09,Climate Tech,,0,0,0,0,0,0,0,0,0,0,0,0,0,1,0,0,0,0,N
Atlas,,Singapore,2025,1,6.0,1.791759469228055,1.0,6.0,6.0,2025-01-01,2026-04-08,Artificial Intelligence,"Accounting, AI, FinTech",0,0,0,0,0,0,0,0,0,0,1,0,0,0,0,0,0,0,Y
Atome,,Singapore,2019,7,731.0,6.594413459749778,5.0,345.0,104.42857142857143,2019-01-01,2026-01-13,Fintech,"BNPL, Digital Lending, FinTech",0,0,0,0,0,0,0,0,0,0,1,0,0,0,0,0,1,0,N
Audicin,Espoo,Finland,2022,4,2.1,0.7419373447293773,1.0,2.1,0.525,2022-01-01,2026-04-01,Digital Health,"Audio, health, sleep",0,0,0,0,0,0,0,0,0,0,0,1,0,0,0,0,0,0,N
Aule Space,Bengaluru,India,2024,2,2.0,0.6931471805599453,1.0,2.0,1.0,2024-01-01,2026-01-14,Space Technology,"In-Orbit Support, Satellite Servicing, SpaceTech",0,0,0,0,0,0,0,0,0,0,0,0,0,0,0,1,0,0,N
AURA AERO,Toulouse,France,,,393.0,5.973809611869261,1.0,393.0,,,2026-04-10,Climate Tech,,0,0,0,0,0,0,0,0,0,0,0,0,0,1,0,0,1,0,N
Autonomous Technologies Group,New York,United States,2024,2,15.0,2.70805020110221,1.0,15.0,7.5,2024-01-01,2026-01-07,Artificial Intelligence,"AI, Financial Advisory, FinTech",0,1,1,0,0,0,0,0,0,0,1,0,0,0,0,0,0,0,Y
Axiology,Vilnius,Lithuania,2023,3,13.8,2.624668592163159,3.0,6.0,4.6000000000000005,2023-01-01,2026-02-04,Fintech,"Blockchain, Capital Markets, Financial Infrastructure",0,0,0,0,0,0,0,0,0,0,1,0,0,0,0,0,0,0,N
Ayar Labs,San Jose,United States,2014,12,500.0,6.214608098422191,1.0,500.0,41.666666666666664,2014-01-01,2026-03-03,AI Infrastructure,"ai-infra, networking, Optics",1,1,0,0,0,0,0,0,1,0,0,0,0,0,0,0,1,0,Y
Bachatt,,India,,,12.0,2.4849066497880004,1.0,12.0,,,2026-03-31,Fintech,"Consumer Finance, FinTech, India",0,0,0,0,0,0,0,0,0,0,1,0,0,0,0,0,0,0,Y
Backbone,,Belgium,2026,0,0.0,,0.0,,,2026-01-01,2026-04-02,Artificial Intelligence,"AI, Compliance, Enterprise Software",0,0,0,0,0,0,0,0,0,0,0,0,0,0,1,0,0,0,N
Balaji Wafers,Gujarat,India,1974,52,282.0,5.641907070938114,1.0,282.0,5.423076923076923,1974-01-01,2026-01-22,Manufacturing,"Food & Beverages, Manufacturing",0,0,0,0,0,0,0,0,0,0,0,0,0,0,0,1,1,0,N
BCAS,nan,,,,,,,,,,,Fintech,,0,0,0,0,0,0,0,0,0,0,1,0,0,0,0,0,0,0,N
Ben,,United Kingdom,2019,7,46.0,3.828641396489095,3.0,27.5,6.571428571428571,2019-01-01,2025-12-01,SaaS,"Benefits, FinTech, HR Tech",0,0,0,0,0,0,0,0,0,0,1,0,0,0,1,0,0,0,N
Berget AI,Stockholm,Sweden,2024,2,2.3,0.8329091229351039,1.0,2.3,1.15,2024-01-01,2026-02-02,Artificial Intelligence,"AI Infrastructure, Artificial Intelligence, Cloud Infrastructure",0,0,0,0,0,0,0,0,1,0,0,0,0,0,0,0,0,0,N
BIDSO,Bengaluru,India,2022,4,14.3,2.6602595372658615,2.0,7.5,3.575,2022-01-01,2026-04-10,Manufacturing,"Consumer Goods, Manufacturing, toys",0,0,0,0,0,0,0,0,0,0,0,0,0,0,0,1,0,0,N
Biopeak,Bengaluru,India,2024,2,6.0,1.791759469228055,3.0,3.0,3.0,2024-01-01,2026-01-29,Artificial Intelligence,"AI, HealthTech, Longevity",0,0,0,0,0,0,0,0,0,0,0,1,0,0,0,0,0,0,Y
Biorce,Barcelona,Spain,2024,2,60.0,4.0943445622221,3.0,52.0,30.0,2024-01-01,2026-02-02,Healthtech,"AI in Clinical Trials, HealthTech",0,0,0,0,0,0,0,0,0,0,0,1,0,0,0,0,1,0,N
Bitmovin,San Francisco,United States,,,65.0,4.174387269895637,3.0,30.0,,,2020-12-15,Developer Tools,"Active, Developer Tools, S15",1,1,0,0,0,0,0,0,1,0,0,0,0,0,0,0,0,0,N
Bits,Stockholm,Sweden,2022,4,13.0,2.5649493574615367,1.0,13.0,3.25,2022-01-01,2026-02-02,SaaS,"AML Automation, Compliance Tech, Financial Infrastructure",0,0,0,0,0,0,0,0,0,1,0,0,0,0,1,0,0,0,N
Bleap,London,United Kingdom,2023,3,8.0,2.0794415416798357,2.0,6.0,2.6666666666666665,2023-01-01,2026-01-28,Fintech,"Blockchain, FinTech, Payments Infrastructure",0,0,0,1,0,0,0,0,0,0,1,0,0,0,0,0,0,0,N
Bluecopa,Bengaluru,India,2021,5,9.3,2.2300144001592104,2.0,7.5,1.86,2021-01-01,2026-01-12,Artificial Intelligence,"AI, Enterprise Software, FinOps",0,0,0,0,0,0,0,0,0,0,0,0,0,0,1,0,0,0,N
BlueNalu,San Diego,United States,,,11.0,2.3978952727983707,1.0,11.0,,,2026-01-02,Biotechnology,"Biotechnology, Cultivated Meat, FoodTech",0,1,0,0,0,0,0,0,0,0,0,1,0,0,0,0,0,0,N
Bolna,,India,2024,2,6.3,1.840549633397487,1.0,6.3,3.15,2024-01-01,2026-01-21,Artificial Intelligence,"AI, SaaS, Voice Technology",0,0,0,0,0,0,0,0,0,0,0,0,0,0,1,0,0,0,N
Boltz,Cambridge,United States,2024,2,28.0,3.332204510175204,1.0,28.0,14.0,2024-01-01,2026-01-07,Artificial Intelligence,"Artificial Intelligence, Biotechnology, Drug Discovery",0,1,0,0,0,0,0,0,0,0,0,1,0,0,0,0,0,0,Y
BOOSTERZ,Seoul,South Korea,2019,7,39.0,3.6635616461296463,2.0,25.4,5.571428571428571,2019-01-01,2026-01-16,E-Commerce,"Brand Marketing, E-commerce, Marketing Technology",0,0,0,0,0,0,0,0,0,0,0,0,0,0,0,1,0,0,N
Botsync,,Singapore,2017,9,8.4,2.128231705849268,2.0,5.2,0.9333333333333333,2017-01-01,2026-01-14,Robotics,"Enterprise Software, Industrial Automation, Robotics",0,0,0,0,0,0,0,1,0,1,0,0,0,0,1,0,0,0,N
Bound,London,United Kingdom,2020,6,31.0,3.4339872044851463,2.0,24.5,5.166666666666667,2020-01-01,2026-02-05,SaaS,"Financial Services, FinTech, Foreign Exchange (FX)",0,0,0,1,0,0,0,0,0,0,1,0,0,0,1,0,0,0,N
BreezeBio,South San Francisco,United States,2018,8,60.0,4.0943445622221,1.0,60.0,7.5,2018-01-01,2026-02-25,Biotechnology,"Biotech, Genetic Medicine, nanoparticle",0,1,0,0,0,0,0,0,0,0,0,1,0,0,0,0,1,0,N
Breezy AI,Delaware,United States,2025,1,1.0,0.0,1.0,1.0,1.0,2025-01-01,2026-01-22,Artificial Intelligence,"AI, NoCode, VoiceAutomation",0,1,0,0,0,0,0,0,0,0,0,0,0,0,0,1,0,0,N
Brex,San Francisco,United States,2017,9,432.5,6.069582326371934,4.0,150.0,48.05555555555556,2017-01-01,2021-04-26,Fintech,"Active, W17, FinTech",1,1,0,0,0,0,0,0,0,0,1,0,0,0,0,0,1,0,Y
Brickken,Barcelona,Spain,,,3.2,1.1631508098056809,1.0,3.2,,,2026-03-31,Fintech,"Blockchain, Digital Assets, FinTech",0,0,0,0,0,0,0,0,0,0,1,0,0,0,0,0,0,0,N
Brilliance RGB,Enschede,Netherlands,2023,3,6.5,1.8718021769015913,1.0,6.5,2.1666666666666665,2023-01-01,2026-04-03,Semiconductors,"Augmented Reality, Deep-tech, laser-chip",0,0,0,0,0,0,0,0,0,0,0,0,0,0,0,1,0,0,N
BRUM,Milan,Italy,,,5.0,1.6094379124341003,1.0,5.0,,,2026-01-20,Edtech,"EdTech, Education",0,0,0,0,0,0,0,0,0,0,0,0,0,0,0,1,0,0,N
Caldera Therapeutics,Cambridge,United States,,,112.5,4.722953221644475,2.0,75.0,,,2026-01-14,Healthcare,"Biotech, Bispecific Antibody, IBD",0,1,0,0,0,0,0,0,0,0,0,1,0,0,0,0,1,0,N
Cambium,Nashville,United States,,,127.0,4.844187086458591,3.0,100.0,,,2026-01-05,Manufacturing,"Advanced Materials, Aerospace, Defense",0,1,0,0,0,0,0,0,0,0,0,0,0,0,0,1,1,0,N
Cancilico,Dresden,Germany,,,2.8,1.0296194171811581,1.0,2.8,,,2026-01-20,Healthcare,"Diagnostics, Healthcare, MedTech",0,0,0,0,0,0,0,0,0,0,0,1,0,0,0,0,0,0,N
Canopy,San Francisco,United States,,,22.0,3.091042453358316,1.0,22.0,,,2026-01-08,Enterprise Software,"Enterprise Software, Healthcare, Location Intelligence",1,1,0,0,0,0,0,0,0,0,0,1,0,0,1,0,0,0,N
Capalo AI,Kuopio,Finland,2021,5,16.5,2.803360380906535,3.0,11.9,3.3,2021-01-01,2026-02-06,Artificial Intelligence,"AI, Battery Storage Optimization, CleanTech",0,0,0,0,0,0,0,0,0,0,0,0,0,1,0,0,0,0,N
Caper,Bordj Menaiel ⴱⵓⵔⴵ ⵎⵏⴰⵢⴻⵍ برج منايل,Algérie ⵍⵣⵣⴰⵢⴻⵔ الجزائر,,,35.0,3.5553480614894135,2.0,25.0,,,2020-11-01,Artificial Intelligence,"Acquired, Artificial Intelligence, Cashierless Checkout",0,0,0,0,0,0,0,0,0,0,0,0,0,0,0,1,0,0,Y
Carbonaide,Joensuu,Finland,2022,4,6.0,1.791759469228055,3.0,4.0,1.5,2022-01-01,2026-01-28,SaaS,"EU-Startups, Carbon Capture Utilization and Storage (CCUS), Climate Tech",0,0,0,0,0,0,0,0,0,0,0,0,0,1,1,0,0,0,Y
Care.fi,Gurugram,India,2021,5,13.2,2.580216829592325,5.0,8.0,2.6399999999999997,2021-01-01,2026-02-11,Fintech,"AI-Driven Financial SaaS, Digital Lending, FinTech",0,0,0,0,0,0,0,0,0,0,1,0,0,0,1,0,0,0,N
Career Karma,San Francisco,United States,2018,8,10.0,2.302585092994046,1.0,10.0,1.25,2018-01-01,2021-01-26,Artificial Intelligence,"Active, AI, B2B",1,1,0,0,0,0,0,0,0,0,0,0,0,0,0,1,0,0,Y
CavilinQ,Cambridge,United States,2025,1,8.8,2.174751721484161,1.0,8.8,8.8,2025-01-01,2026-04-03,Hardware,"Deep-tech, Hardware, interconnects",0,1,0,0,0,0,0,0,0,0,0,0,0,0,0,1,0,0,N
Celestial AI,Santa Clara,United States,2020,6,421.0,6.042632833682381,4.0,250.0,70.16666666666667,2020-01-01,2024-03-27,Artificial Intelligence,"AI, Hardware, Semiconductors",1,1,0,0,0,0,0,0,0,0,0,0,0,0,0,1,1,0,N
Cents,Worcester,United States,2020,6,140.0,4.941642422609304,1.0,140.0,23.333333333333332,2020-01-01,2026-03-26,Payments,"laundry, Payments, SaaS",0,1,0,0,0,0,0,0,0,0,1,0,0,0,1,0,1,0,N
Cernel,,Denmark,,,4.3,1.4586150226995167,1.0,4.3,,,2026-03-31,Enterprise Software,"catalog, Ecommerce, Enterprise Software",0,0,0,0,0,0,0,0,0,0,0,0,0,0,1,0,0,0,N
Checkr,San Francisco,United States,2014,12,309.0,5.733341276897746,4.0,160.0,25.75,2014-01-01,2019-09-19,Artificial Intelligence,"Active, API, Artificial Intelligence",1,1,0,0,0,0,0,0,1,0,0,0,0,0,0,0,1,0,Y
Chiral,Zurich,Switzerland,2023,3,15.8,2.760009940032921,2.0,12.0,5.266666666666667,2023-01-01,2026-02-06,Robotics,"Advanced Materials, DeepTech, Hardware Startup",0,0,0,0,0,0,0,1,0,0,0,0,0,0,0,0,0,0,N
Circle Health,Berlin,Germany,2023,3,9.8,2.2823823856765264,1.0,9.8,3.266666666666667,2023-01-01,2026-02-11,Digital Health,"Digital Health, Health Tech, MedTech",0,0,0,0,0,0,0,0,0,0,0,1,0,0,0,0,0,0,N
Circulate Capital,,Singapore,,,220.0,5.393627546352362,1.0,220.0,,,2026-04-01,Climate Tech,"Circular Economy, fund, investment",0,0,0,0,0,0,0,0,0,0,0,0,0,1,0,0,1,0,N
Clay,Town of Clay,United States,2020,6,74.0,4.30406509320417,3.0,46.0,12.333333333333334,2020-01-01,2023-11-30,SaaS,"Data, SaaS, Sales Tech",0,1,0,0,0,0,0,0,0,0,0,0,0,0,1,0,0,0,Y
Clean Food Group,London,United Kingdom,,,11.8,2.468099531471619,2.0,5.9,,,2026-04-15,Biotechnology,"fermentation, FoodTech, sustainable-oils",0,0,0,1,0,0,0,0,0,0,0,1,0,0,0,0,0,0,N
ClickHouse,San Francisco,United States,2021,5,1100.0,7.003065458786462,4.0,400.0,220.0,2021-01-01,2026-01-16,Artificial Intelligence,"AI, Database, Infrastructure",1,1,0,0,0,0,0,0,1,0,0,0,0,0,0,0,1,1,Y
Cloover,Stockholm,Sweden,2022,4,22.0,3.091042453358316,1.0,22.0,5.5,2022-01-01,2026-01-21,Fintech,"EU-Startups, FinTech, leasing",0,0,0,0,0,0,0,0,0,0,1,0,0,0,0,0,0,0,N
Cluely,San Francisco,United States,2025,1,20.3,3.0106208860477417,2.0,15.0,20.3,2025-01-01,2025-06-20,Artificial Intelligence,"AI, Technology",1,1,0,0,0,0,0,0,0,0,0,0,0,0,0,1,0,0,Y
Comper,Utrecht,Netherlands,2025,1,0.0,,0.0,,0.0,2025-01-01,2026-01-23,Artificial Intelligence,"AI, Code Intelligence, Software Development",0,0,0,0,0,0,0,0,0,0,0,0,0,0,0,1,0,0,N
Convelio,Paris,France,,,0.0,,0.0,,,,2026-04-14,Enterprise Software,,0,0,0,0,0,0,0,0,0,0,0,0,0,0,1,0,0,0,N
Converge Bio,Boston,United States,2024,2,61.0,4.110873864173311,4.0,25.0,30.5,2024-01-01,2026-01-15,Artificial Intelligence,"AI Drug Discovery, Antibody Design, Computational Biology",0,1,0,0,0,0,0,0,0,0,0,0,0,0,0,1,0,0,Y
CoreOS,San Francisco,United States,,,20.0,2.995732273553991,2.0,12.0,,,2018-01-30,Open Source,"Acquired, DevOps, Open Source",1,1,0,0,0,0,0,0,1,0,0,0,0,0,0,0,0,0,Y
Corgi,New York,United States,2024,2,108.0,4.68213122712422,1.0,108.0,54.0,2024-01-01,2026-01-09,Artificial Intelligence,"AI, Insurance, InsurTech",0,1,1,0,0,0,0,0,0,0,1,0,0,0,0,0,1,0,Y
Covalo,Zurich,Switzerland,2021,5,3.8,1.33500106673234,1.0,3.8,0.76,2021-01-01,2026-04-02,Enterprise Software,"Compliance, Consumer Goods, Data Platform",0,0,0,0,0,0,0,0,1,0,0,0,0,0,1,0,0,0,N
CredResolve,Gurugram,India,2023,3,1.1,0.09531017980432493,1.0,1.1,0.3666666666666667,2023-01-01,2026-04-01,Enterprise Software,"AI, debt-collections, FinTech",0,0,0,0,0,0,0,0,0,0,1,0,0,0,1,0,0,0,N
CrisprBits,Bangalore,India,,,3.3,1.1939224684724346,2.0,3.0,,,2025-11-01,Healthcare,"CRISPR, Gene Editing, India",0,0,0,0,0,0,0,0,0,0,0,1,0,0,0,0,0,0,N
Crossbow Therapeutics,,United States,2020,6,77.0,4.343805421853684,1.0,77.0,12.833333333333334,2020-01-01,2026-03-18,Biotechnology,"Biotech, clinical-stage, immunotherapy",0,1,0,0,0,0,0,0,0,0,0,1,0,0,0,0,1,0,N
Cruise,San Francisco,United States,2013,13,1000.0,6.907755278982137,3.0,1000.0,76.92307692307692,2013-01-01,2016-03-01,Artificial Intelligence,"Acquired, AI, Autonomous Delivery",1,1,0,0,0,0,0,0,0,0,0,0,0,0,0,1,1,1,Y
Cryptio,Paris,France,2018,8,45.0,3.8066624897703196,1.0,45.0,5.625,2018-01-01,2026-03-12,Fintech,"Accounting, Blockchain, Crypto",0,0,0,0,0,0,0,0,0,0,1,0,0,0,0,0,0,0,N
Culture,,India,,,0.24,-1.4271163556401458,1.0,0.24,,,2026-01-19,Artificial Intelligence,"AI, Consumer, Social Media",0,0,0,0,0,0,0,0,0,0,0,0,0,0,0,1,0,0,N
Cyera,New York,United States,,,1600.0,7.3777589082278725,6.0,540.0,,,2026-01-08,Cybersecurity,"Cloud Security, Cybersecurity, Data Security",0,1,1,0,0,0,0,0,0,0,0,0,1,0,0,0,1,1,Y
Daytona,New York,United States,2023,3,27.5,3.3141860046725258,2.0,24.0,9.166666666666666,2023-01-01,2026-02-06,Artificial Intelligence,"Agent-compute platforms, Artificial Intelligence, Cloud Computing",0,1,1,0,0,0,0,0,0,1,0,0,0,0,0,0,0,0,N
Deel,San Francisco,United States,2018,8,1100.0,7.003065458786462,5.0,425.0,137.5,2018-01-01,2022-05-12,SaaS,"Active, B2B, FinTech",1,1,0,0,0,0,0,0,0,0,1,0,0,0,1,0,1,1,Y
Deepgram,San Francisco,United States,2015,11,466.0,6.144185634125646,8.0,130.0,42.36363636363637,2015-01-01,2026-01-14,Artificial Intelligence,"Active, AI, AI-Enhanced Learning",1,1,0,0,0,0,0,0,0,0,0,0,0,0,0,1,1,0,Y
Defense Unicorns,Colorado Springs,United States,2021,5,307.5,5.728475087246572,4.0,136.0,61.5,2021-01-01,2026-01-15,Cybersecurity,"Defense Tech, Military Software, Veteran-Owned",0,1,0,0,0,0,0,0,0,0,0,0,1,0,0,0,1,0,N
DentalMonitoring,Paris,France,2014,12,250.0,5.521460917862246,2.0,150.0,20.833333333333332,2014-01-01,2026-02-10,Healthtech,"Dental AI, HealthTech, MedTech",0,0,0,0,0,0,0,0,0,0,0,1,0,0,0,0,1,0,N
depthfirst,San Francisco,United States,2024,2,40.0,3.6888794541139363,1.0,40.0,20.0,2024-01-01,2026-01-14,Artificial Intelligence,"Artificial Intelligence, Cybersecurity",1,1,0,0,0,0,0,0,0,0,0,0,1,0,0,0,0,0,Y
Dhruva Space,Hyderabad,India,2012,14,28.9,3.3638415951183864,5.0,15.0,2.064285714285714,2012-01-01,2026-02-04,Space Technology,"Aerospace, Space Engineering, Space Technology",0,0,0,0,0,0,0,0,0,0,0,0,0,0,0,1,0,0,Y
Diagonal Therapeutics,Cambridge,United States,2021,5,125.0,4.8283137373023015,1.0,125.0,25.0,2021-01-01,2026-01-08,Healthcare,"Biotechnology, Healthcare, Pharmaceuticals",0,1,0,0,0,0,0,0,0,0,0,1,0,0,0,0,1,0,Y
Didero,New York,United States,2023,3,30.0,3.4011973816621555,1.0,30.0,10.0,2023-01-01,2026-02-12,Enterprise Software,"AI, B2B, Procurement",0,1,1,0,0,0,0,0,0,0,0,0,0,0,1,0,0,0,N
Docker,San Francisco,United States,,,242.0,5.488937726156687,4.0,95.0,,,2017-04-17,Open Source,"Active, DevOps, Enterprise Software",1,1,0,0,0,0,0,0,1,0,0,0,0,0,1,0,1,0,Y
DoorDash,San Francisco,United States,2013,13,1300.0,7.170119543449628,5.0,600.0,100.0,2013-01-01,2020-12-09,E-Commerce,"E-commerce, Marketplace, Public",1,1,0,0,0,0,0,0,0,0,0,0,0,0,0,1,1,1,Y
DOSS,,United States,2022,4,55.0,4.007333185232471,1.0,55.0,13.75,2022-01-01,2026-03-24,Artificial Intelligence,"AI, Enterprise, erp",0,1,0,0,0,0,0,0,0,0,0,0,0,0,0,1,1,0,Y
Dr Doodley,Bengaluru,India,2023,3,3.3,1.1939224684724346,1.0,3.3,1.0999999999999999,2023-01-01,2026-02-05,Healthtech,"Consumer Health, HealthTech, On-Demand Services",0,0,0,0,0,0,0,0,0,0,0,1,0,0,0,0,0,0,N
Dragonfly AI,London,United Kingdom,2018,8,10.0,2.302585092994046,2.0,6.0,1.25,2018-01-01,2026-01-28,Artificial Intelligence,"Artificial Intelligence, Creative Intelligence Technology, Predictive Analytics",0,0,0,1,0,0,0,0,0,0,0,0,0,0,0,1,0,0,N
Dropbox,San Francisco,United States,2008,18,257.2,5.549853992363464,4.0,250.0,14.288888888888888,2008-01-01,2018-03-23,SaaS,"Public, S07, YC Summer 2007",1,1,0,0,0,0,0,0,0,0,0,0,0,0,1,0,1,0,Y
Duffel,London,United Kingdom,2017,9,55.5,4.0163830207523885,3.0,30.0,6.166666666666667,2017-01-01,2020-09-24,Developer Tools,"Active, Airplanes, API",0,0,0,1,0,0,0,0,1,0,0,0,0,0,0,0,0,0,Y
Dugar Finance,Chennai,India,,,5.0,1.6094379124341003,1.0,5.0,,,2026-03-31,Fintech,"FinTech, Lending, msme",0,0,0,0,0,0,0,0,0,0,1,0,0,0,0,0,0,0,N
Duna,Amsterdam,Netherlands,2023,3,43.9,3.7819143200811256,2.0,32.0,14.633333333333333,2023-01-01,2026-02-05,Artificial Intelligence,"Artificial Intelligence, Compliance Tech, FinTech",0,0,0,0,0,0,0,0,0,0,1,0,0,0,0,0,0,0,Y
Ease Health,New York,United States,2024,2,41.0,3.713572066704308,1.0,41.0,20.5,2024-01-01,2026-03-02,Healthtech,"behavioral-health, ehr, HealthTech",0,1,1,0,0,0,0,0,0,0,0,1,0,0,0,0,0,0,Y
Easy Home Finance,Mumbai,India,2017,9,148.0,4.997212273764115,4.0,96.0,16.444444444444443,2017-01-01,2026-01-31,Fintech,"FinTech, Housing Finance, Mortgage Tech",0,0,0,0,0,0,0,0,0,0,1,0,0,0,0,0,1,0,N
ECOIL,Chennai,India,2019,7,2.5,0.9162907318741551,1.0,2.5,0.35714285714285715,2019-01-01,2026-04-07,Enterprise Software,"biofuel, Circular Economy, Climate Tech",0,0,0,0,0,0,0,0,0,0,0,0,0,1,1,0,0,0,N
Edgistify,Mumbai,India,,,3.0,1.0986122886681098,2.0,1.6,,,2026-01-12,Artificial Intelligence,"AI, E-commerce, Logistics",0,0,0,0,0,0,0,0,0,0,0,0,0,0,0,1,0,0,N
Edmund,Prague,Czech Republic,,,2.5,0.9162907318741551,1.0,2.5,,,2026-04-09,Artificial Intelligence,,0,0,0,0,0,0,0,0,0,0,0,0,0,0,0,1,0,0,N
Eight Sleep,New York,United States,2014,12,132.0,4.882801922586371,3.0,86.0,11.0,2014-01-01,2021-08-04,Hardware,"Active, Hardware, Health Tech",0,1,1,0,0,0,0,0,0,0,0,0,0,0,0,1,1,0,Y
Electra,Boulder,United States,2020,6,227.0,5.424950017481403,3.0,186.0,37.833333333333336,2020-01-01,2024-08-12,Manufacturing,"CleanTech, Manufacturing",0,1,0,0,0,0,0,0,0,0,0,0,0,1,0,0,1,0,N
ElevenLabs,London,United Kingdom,2022,4,1400.0,7.24422751560335,7.0,500.0,350.0,2022-01-01,2026-02-05,Artificial Intelligence,"Artificial Intelligence, Audio Tech, Conversational AI",0,0,0,1,0,0,0,0,0,1,0,0,0,0,0,0,1,1,Y
Elyos AI,London,United Kingdom,,,11.1,2.4069451083182885,1.0,11.1,,,2026-01-20,Artificial Intelligence,"AI, Enterprise Software, Field Services",0,0,0,1,0,0,0,0,0,0,0,0,0,0,1,0,0,0,N
eMed,Miami,United States,2020,6,200.0,5.298317366548036,1.0,200.0,33.333333333333336,2020-01-01,2026-03-26,Healthtech,"glp1, HealthTech, obesity",0,1,0,0,0,0,0,0,0,0,0,1,0,0,0,0,1,0,N
Emergent,San Francisco,United States,,,70.0,4.248495242049359,1.0,70.0,,,2026-01-20,Artificial Intelligence,"Artificial Intelligence, Enterprise Software, Workflow Automation",1,1,0,0,0,0,0,0,0,1,0,0,0,0,1,0,1,0,Y
enclaive,Berlin,Germany,2022,4,4.8,1.5686159179138452,1.0,4.8,1.2,2022-01-01,2026-02-03,Cybersecurity,"Cloud Security, Confidential Computing, Cybersecurity",0,0,0,0,0,0,0,0,0,0,0,0,1,0,0,0,0,0,N
Endform,Stockholm,Sweden,2024,2,1.6,0.47000362924573563,1.0,1.6,0.8,2024-01-01,2026-03-31,Developer Tools,"ci-cd, Developer Tools, playwright",0,0,0,0,0,0,0,0,1,0,0,0,0,0,0,0,0,0,N
Enkei,Stockholm,Sweden,,,0.0,,0.0,,,,2026-03-31,Climate Tech,"Architecture, Circular Economy, Climate Tech",0,0,0,0,0,0,0,0,0,0,0,0,0,1,0,0,0,0,N
EpiBiologics,San Francisco,United States,2023,3,107.0,4.672828834461906,1.0,107.0,35.666666666666664,2023-01-01,2026-01-08,Healthcare,"Biotechnology, Healthcare, Oncology",1,1,0,0,0,0,0,0,0,0,0,1,0,0,0,0,1,0,N
EPIC Microsystems,San Jose,United States,2024,2,21.0,3.044522437723423,1.0,21.0,10.5,2024-01-01,2026-03-25,AI Infrastructure,"ai-infra, data-center, power",1,1,0,0,0,0,0,0,1,0,0,0,0,0,0,0,0,0,N
Equal1,,Ireland,2017,9,69.8,4.2456340097683265,5.0,60.0,7.7555555555555555,2017-01-01,2026-01-15,Semiconductors,"HPC, Quantum Computing, Silicon Quantum",0,0,0,0,0,0,0,0,0,0,0,0,0,0,0,1,1,0,N
Etched,Cupertino,United States,2022,4,1100.0,7.003065458786462,4.0,500.0,275.0,2022-01-01,2026-01-15,Artificial Intelligence,"Artificial Intelligence, Semiconductors",1,1,0,0,0,0,0,0,0,0,0,0,0,0,0,1,1,1,N
EtherealX,nan,,,,,,,,,,,Hardware,,0,0,0,0,0,0,0,0,0,0,0,0,0,0,0,1,0,0,N
EVANIUM,,Germany,,,2.2,0.7884573603642703,1.0,2.2,,,2026-04-14,Healthtech,,0,0,0,0,0,0,0,0,0,0,0,1,0,0,0,0,0,0,N
Evaro,Norwich,United Kingdom,2018,8,26.0,3.258096538021482,2.0,25.0,3.25,2018-01-01,2026-01-27,Digital Health,"Digital Health, Embedded healthcare infrastructure",0,0,0,0,0,0,0,0,0,0,0,1,0,0,0,0,0,0,N
Evervault,Dublin,IE,2020,6,23.0,3.1354942159291497,1.0,23.0,3.8333333333333335,2020-01-01,2026-03-05,Cybersecurity,"Developer Tools, encryption, FinTech",0,0,0,0,0,0,0,0,1,0,1,0,1,0,0,0,0,0,Y
Ex Nunc Intelligence,Lausanne,Switzerland,2022,4,1.8,0.5877866649021191,1.0,1.8,0.45,2022-01-01,2026-01-14,Artificial Intelligence,"Artificial Intelligence, Cybersecurity",0,0,0,0,0,0,0,0,0,0,0,0,1,0,0,0,0,0,N
Exciva,London,United Kingdom,,,59.0,4.07753744390572,1.0,59.0,,,2026-01-20,Biotechnology,"Autoimmune Diseases, Biotechnology, Therapeutics",0,0,0,1,0,0,0,0,0,0,0,1,0,0,0,0,1,0,N
EyeROV,Kochi,India,2016,10,2.0,0.6931471805599453,2.0,1.0,0.2,2016-01-01,2026-02-04,Robotics,"Autonomous Systems, Deep-tech, Marine Technology",0,0,0,0,0,0,0,1,0,0,0,0,0,0,0,0,0,0,N
Fable,Toronto,Canada,2018,8,37.0,3.6109179126442243,3.0,25.0,4.625,2018-01-01,2024-10-16,SaaS,"Accessibility, SaaS, Testing",0,0,0,0,0,0,0,0,0,0,0,0,0,0,1,0,0,0,N
Fable (ShareFable),Bengaluru,India,2022,4,0.0,,0.0,,0.0,2022-01-01,2024-01-01,SaaS,"Marketing, SaaS, Sales Tech",0,0,0,0,0,0,0,0,0,0,0,0,0,0,1,0,0,0,N
Fable Security,San Francisco,United States,2024,2,62.3,4.131961425793407,3.0,31.3,31.15,2024-01-01,2025-07-28,SaaS,"Cybersecurity, Enterprise, SaaS",1,1,0,0,0,0,0,0,0,0,0,0,1,0,1,0,0,0,Y
Fibr AI,Dover,United States,2023,3,7.5,2.0149030205422647,2.0,5.7,2.5,2023-01-01,2026-02-04,Artificial Intelligence,"Artificial Intelligence, Conversion Optimization, Digital Marketing",0,1,0,0,0,0,0,0,0,0,0,0,0,0,0,1,0,0,Y
Figma,San Francisco,United States,2012,14,21100.0,9.957028319464158,12.0,20000.0,1507.142857142857,2012-01-01,2024-05-15,SaaS,"Collaboration, Design, SaaS",1,1,0,0,0,0,0,0,0,0,0,0,0,0,1,0,1,1,Y
Financial News System,Copenhagen,Denmark,2024,2,1.6,0.47000362924573563,1.0,1.6,0.8,2024-01-01,2026-03-30,Artificial Intelligence,"AI, FinTech, Media",0,0,0,0,0,0,0,0,0,0,1,0,0,0,0,0,0,0,N
Financial News Systems,Copenhagen,Denmark,2024,2,1.6,0.47000362924573563,1.0,1.6,0.8,2024-01-01,2026-04-02,Artificial Intelligence,"AI, financial-data, FinTech",0,0,0,0,0,0,0,0,0,0,1,0,0,0,0,0,0,0,N
FinStack,London,United Kingdom,2022,4,65.0,4.174387269895637,1.0,65.0,16.25,2022-01-01,2026-01-10,API,"API, B2B, FinTech",0,0,0,1,0,0,0,0,1,0,1,0,0,0,0,0,1,0,Y
Fintower,Gothenburg,Sweden,2024,2,1.5,0.4054651081081644,1.0,1.5,0.75,2024-01-01,2026-02-05,Artificial Intelligence,"Artificial Intelligence, CFO Tools, Decision Support Software",0,0,0,0,0,0,0,0,0,0,0,0,0,0,0,1,0,0,N
Fivetran,Oakland,United States,2012,14,725.5,6.5868610723242424,5.0,565.0,51.82142857142857,2012-01-01,2021-09-20,Data Engineering,"Active, Analytics, B2B",1,1,0,0,0,0,0,0,1,0,0,0,0,0,0,0,1,0,Y
Fivium,London,United Kingdom,,,0.0,,0.0,,,,2026-04-07,Enterprise Software,"Enterprise, GovTech, public-sector",0,0,0,1,0,0,0,0,0,0,0,0,0,0,1,0,0,0,N
Flip,New York,United States,2018,8,71.0,4.2626798770413155,4.0,20.0,8.875,2018-01-01,2026-01-15,Artificial Intelligence,"Artificial Intelligence, Customer Service",0,1,1,0,0,0,0,0,0,0,0,0,0,0,0,1,0,0,N
Flowla,London,United Kingdom,2022,4,1.3,0.26236426446749106,1.0,1.3,0.325,2022-01-01,2023-03-28,Enterprise Software,"EU-Startups, Enterprise Software, SaaS",0,0,0,1,0,0,0,0,0,0,0,0,0,0,1,0,0,0,N
FOBECON,Seoul,South Korea,2024,2,0.01,-4.605170185988091,1.0,0.01,0.005,2024-01-01,2026-01-18,Artificial Intelligence,"Artificial Intelligence, Construction Technology, Software",0,0,0,0,0,0,0,0,0,0,0,0,0,0,0,1,0,0,N
Fondeadora,Mexico City,Mexico,2018,8,14.0,2.6390573296152584,1.0,14.0,1.75,2018-01-01,2021-08-11,Fintech,"Active, Consumer Finance, FinTech",0,0,0,0,0,0,0,0,0,0,1,0,0,0,0,0,0,0,Y
Frubana Inc,São Paulo,Brazil,2018,8,90.0,4.499809670330265,2.0,65.0,11.25,2018-01-01,2021-06-15,Fintech,"Active, B2B, FinTech",0,0,0,0,0,0,0,0,0,0,1,0,0,0,0,0,1,0,Y
Fundamental,San Francisco,United States,2024,2,255.0,5.541263545158426,1.0,255.0,127.5,2024-01-01,2026-02-05,Artificial Intelligence,"Artificial Intelligence, Big Data Analytics, Enterprise AI",1,1,0,0,0,0,0,0,0,0,0,0,0,0,1,0,1,0,N
Funnel,Stockholm,Sweden,2014,12,203.0,5.313205979041787,4.0,80.0,16.916666666666668,2014-01-01,2026-01-28,SaaS,"Data Analytics, Marketing Intelligence, Martech.",0,0,0,0,0,0,0,0,0,0,0,0,0,0,1,0,1,0,N
Gabify,Delhi,India,2024,2,0.175,-1.742969305058623,1.0,0.175,0.0875,2024-01-01,2026-04-02,Artificial Intelligence,"AI, autism, HealthTech",0,0,0,0,0,0,0,0,0,0,0,1,0,0,0,0,0,0,N
GameByte,Istanbul,Turkey,2025,1,1.0,0.0,1.0,1.0,1.0,2025-01-01,2025-12-01,Artificial Intelligence,"AI, Game Development, Gaming",0,0,0,0,0,0,0,0,0,0,0,0,0,0,0,1,0,0,N
Gardia,Soest,Germany,2019,7,9.2,2.2192034840549946,1.0,9.2,1.3142857142857143,2019-01-01,2026-02-05,Artificial Intelligence,"AI, Consumer Safety Devices, Emergency Response Systems",0,0,0,0,0,0,0,0,0,0,0,0,0,0,0,1,0,0,Y
GeneralMind,Berlin,Germany,,,12.0,2.4849066497880004,1.0,12.0,,,2026-01-20,Artificial Intelligence,"Artificial Intelligence, Automation, Enterprise Software",0,0,0,0,0,0,0,0,0,1,0,0,0,0,1,0,0,0,N
Generare,Paris,France,2023,3,21.6,3.0726933146901194,1.0,21.6,7.2,2023-01-01,2026-04-02,Artificial Intelligence,"AI, Biotech, Drug Discovery",0,0,0,0,0,0,0,0,0,0,0,1,0,0,0,0,0,0,N
Gilgamesh Pharma,,United States,2025,1,60.0,4.0943445622221,1.0,60.0,60.0,2025-01-01,2026-03-24,Biotechnology,"Biotech, clinical-stage, neuropsychiatry",0,1,0,0,0,0,0,0,0,0,0,1,0,0,0,0,1,0,N
Gimlet Labs,San Francisco,United States,2024,2,80.0,4.382026634673881,1.0,80.0,40.0,2024-01-01,2026-03-23,Artificial Intelligence,"ai-infra, chips, Cloud",1,1,0,0,0,0,0,0,1,0,0,0,0,0,0,0,1,0,N
Ginkgo Bioworks,Boston,United States,2009,17,710.0,6.565264970035361,4.0,290.0,41.76470588235294,2009-01-01,2021-09-17,Automation,"Automation, Diagnostics, Public",0,1,0,0,0,0,0,0,0,1,0,1,0,0,0,0,1,0,Y
GitLab,San Francisco,United States,2012,14,389.5,5.964863865310803,4.0,268.0,27.821428571428573,2012-01-01,2021-10-14,Developer Tools,"Developer Tools, DevSecOps, Open Source",1,1,0,0,0,0,0,0,1,0,0,0,0,0,0,0,1,0,Y
GLAAS,Mumbai,India,2016,10,5.0,1.6094379124341003,1.0,5.0,0.5,2016-01-01,2026-04-07,Infrastructure Software,"credit, Embedded Finance, FinTech",0,0,0,0,0,0,0,0,1,0,1,0,0,0,0,0,0,0,N
Gnani.ai,Bengaluru,India,2016,10,10.0,2.302585092994046,1.0,10.0,1.0,2016-01-01,2026-03-31,Artificial Intelligence,"agents, AI, Enterprise Software",0,0,0,0,0,0,0,0,0,1,0,0,0,0,1,0,0,0,N
GoCanopy,Paris,France,2023,3,2.0,0.6931471805599453,1.0,2.0,0.6666666666666666,2023-01-01,2026-01-27,Artificial Intelligence,"AI, Investment Management, Proptech Enterprise Software",0,0,0,0,0,0,0,0,0,0,0,0,0,0,1,0,0,0,N
GoCardless,London,United Kingdom,2011,15,520.3,6.254405568296257,6.0,312.0,34.68666666666666,2011-01-01,2022-02-08,Fintech,"Active, FinTech, Payments",0,0,0,1,0,0,0,0,0,0,1,0,0,0,0,0,1,0,Y
Good Monk,Bengaluru,India,2022,4,6.5,1.8718021769015913,3.0,3.6,1.625,2022-01-01,2026-02-05,Healthtech,"Consumer, D2C, FMCG",0,0,0,0,0,0,0,0,0,0,0,1,0,0,0,0,0,0,N
GoSats,Bengaluru,India,2021,5,5.0,1.6094379124341003,1.0,5.0,1.0,2021-01-01,2026-04-06,E-Commerce,"Active, Crypto / Web3, DeFi",0,0,0,0,0,0,0,0,0,0,0,0,0,0,0,1,0,0,Y
GovDash,Washington,United States,2023,3,40.0,3.6888794541139363,2.0,30.0,13.333333333333334,2023-01-01,2026-01-14,Artificial Intelligence,"Artificial Intelligence, GovTech",0,1,0,0,0,0,0,0,0,0,0,0,0,0,0,1,0,0,Y
Governata,Riyadh,Saudi Arabia,2025,1,4.0,1.3862943611198906,1.0,4.0,4.0,2025-01-01,2026-01-18,Artificial Intelligence,"AI, Data Governance, Data Management",0,0,0,0,0,0,0,0,0,0,0,0,0,0,0,1,0,0,Y
Graftcode,Warsaw,Poland,,,2.1,0.7419373447293773,1.0,2.1,,,2026-04-14,Artificial Intelligence,,0,0,0,0,0,0,0,0,0,0,0,0,0,0,0,1,0,0,N
GreenFlow Energy,nan,,,,,,,,,,,Energy,,0,0,0,0,0,0,0,0,0,0,0,0,0,1,0,0,0,0,N
GrowthPal,Mumbai,India,,,2.6,0.9555114450274363,1.0,2.6,,,2026-01-16,Artificial Intelligence,"AI, B2B Software, M&A",0,0,0,0,0,0,0,0,0,0,0,0,0,0,0,1,0,0,N
Guesty,Tel Aviv-Yafo,Israel,2013,13,122.5,4.808111029984782,4.0,50.0,9.423076923076923,2013-01-01,2021-04-21,SaaS,"Active, B2B, PropTech",0,0,0,0,1,0,0,0,0,0,0,0,0,0,1,0,1,0,N
H2LooP,Bengaluru,India,2025,1,2.0,0.6931471805599453,1.0,2.0,2.0,2025-01-01,2026-04-07,Artificial Intelligence,"AI, Developer Tools, Embedded Systems",0,0,0,0,0,0,0,0,1,0,0,0,0,0,0,0,0,0,N
Haast,Sydney,Australia,,,17.0,2.833213344056216,1.0,17.0,,,2026-04-10,Artificial Intelligence,,0,0,0,0,0,0,0,0,0,0,0,0,0,0,0,1,0,0,N
HackerRank,Mountain View,United States,,,46.5,3.8394523125933104,3.0,30.0,,,2018-03-20,Developer Tools,"Active, Developer Tools, Recruiting",1,1,0,0,0,0,0,0,1,0,0,0,0,0,0,0,0,0,Y
Handhold,Tallinn,Estonia,2023,3,3.2,1.1631508098056809,1.0,3.2,1.0666666666666667,2023-01-01,2026-04-08,Artificial Intelligence,"account-management, AI, onboarding",0,0,0,0,0,0,0,0,0,0,0,0,0,0,0,1,0,0,N
Harvey AI,Santa Fe,United States,2022,4,200.0,5.298317366548036,1.0,200.0,50.0,2022-01-01,2026-03-25,Artificial Intelligence,"agents, AI, Enterprise",0,1,0,0,0,0,0,0,0,1,0,0,0,0,0,0,1,0,Y
Helical,London,United Kingdom,,,10.0,2.302585092994046,1.0,10.0,,,2026-04-14,Artificial Intelligence,,0,0,0,1,0,0,0,0,0,0,0,0,0,0,0,1,0,0,Y
Helin,Rijswijk,Netherlands,2017,9,3.3,1.1939224684724346,1.0,3.3,0.36666666666666664,2017-01-01,2023-12-21,Artificial Intelligence,"AI, Data Analytics, Edge Computing",0,0,0,0,0,0,0,0,0,0,0,0,0,0,0,1,0,0,N
Helion Energy,Everett,United States,2013,13,500.0,6.214608098422191,1.0,500.0,38.46153846153846,2013-01-01,2023-05-10,Energy,"Active, Climate, Energy",0,1,0,0,0,0,0,0,0,0,0,0,0,1,0,0,1,0,Y
Helium Air,Kanpur,India,2025,1,2.0,0.6931471805599453,1.0,2.0,2.0,2025-01-01,2026-04-07,Artificial Intelligence,"ac, AI, Climate Tech",0,0,0,0,0,0,0,0,0,0,0,0,0,1,0,0,0,0,N
Helix Earth,Houston,United States,2022,4,12.0,2.4849066497880004,1.0,12.0,3.0,2022-01-01,2026-03-26,Energy,"Climate Tech, efficiency, Energy",0,1,0,0,0,0,0,0,0,0,0,0,0,1,0,0,0,0,N
HelloSign,San Francisco,United States,,,249.6,5.519859636495273,4.0,230.0,,,2019-01-28,Enterprise Software,"Acquired, Enterprise Software, SaaS",1,1,0,0,0,0,0,0,0,0,0,0,0,0,1,0,1,0,Y
Hermeus,Atlanta,United States,2018,8,350.0,5.857933154483459,1.0,350.0,43.75,2018-01-01,2026-04-07,Manufacturing,"Aerospace, autonomous, Defense Tech",0,1,0,0,0,0,0,0,0,0,0,0,0,0,0,1,1,0,Y
HeyMax,,Singapore,2023,3,5.2,1.6486586255873816,2.0,2.6,1.7333333333333334,2023-01-01,2024-07-01,Artificial Intelligence,"AI, FinTech, Loyalty Programs",0,0,0,0,0,0,0,0,0,0,1,0,0,0,0,0,0,0,N
Higgsfield,Palo Alto,United States,2023,3,138.0,4.927253685157205,3.0,80.0,46.0,2023-01-01,2026-01-14,Artificial Intelligence,"Artificial Intelligence, Media",1,1,0,0,0,0,0,0,0,0,0,0,0,0,0,1,1,0,Y
Humans&,Munich,Germany,,,480.0,6.173786103901937,1.0,480.0,,,2026-01-20,Artificial Intelligence,"AI, Human-Robot Interaction, Robotics",0,0,0,0,0,0,0,1,0,0,0,0,0,0,0,0,1,0,N
InfluxData,San Francisco,United States,2012,14,59.0,4.07753744390572,3.0,35.0,4.214285714285714,2012-01-01,2019-02-13,Open Source,"Active, Analytics, Databases",1,1,0,0,0,0,0,0,1,0,0,0,0,0,0,0,0,0,N
Infurnia,Bangalore,India,2014,12,1.2,0.1823215567939546,1.0,1.2,0.09999999999999999,2014-01-01,2024-05-15,SaaS,"Architecture, Design, SaaS",0,0,0,0,0,0,0,0,0,0,0,0,0,0,1,0,0,0,N
injewelme,,Singapore,,,1.2,0.1823215567939546,1.0,1.2,,,2026-04-09,Artificial Intelligence,,0,0,0,0,0,0,0,0,0,0,0,0,0,0,0,1,0,0,N
Insight Health,New York,United States,2023,3,11.0,2.3978952727983707,1.0,11.0,3.6666666666666665,2023-01-01,2026-04-03,Artificial Intelligence,"AI, Automation, clinical-agents",0,1,1,0,0,0,0,0,0,1,0,0,0,0,0,0,0,0,N
Intellend,Mumbai,India,,,1.2,0.1823215567939546,1.0,1.2,,,2026-01-20,Artificial Intelligence,"Artificial Intelligence, Financial Services, FinTech",0,0,0,0,0,0,0,0,0,0,1,0,0,0,0,0,0,0,N
Jaakko.com,Helsinki,Finland,,,0.5,-0.6931471805599453,1.0,0.5,,,2026-04-13,Enterprise Software,,0,0,0,0,0,0,0,0,0,0,0,0,0,0,1,0,0,0,N
Jasper,Austin,United States,2021,5,125.0,4.8283137373023015,1.0,125.0,25.0,2021-01-01,2022-10-18,Artificial Intelligence,"Active, AI, Artifical Intelligence",0,1,0,0,0,0,0,0,0,0,0,0,0,0,0,1,1,0,Y
Juicebox,San Francisco,United States,2025,1,80.0,4.382026634673881,1.0,80.0,80.0,2025-01-01,2026-03-23,Artificial Intelligence,"AI, HR Tech, Recruiting",1,1,0,0,0,0,0,0,0,0,0,0,0,0,0,1,1,0,Y
Juno,San Francisco,United States,,,12.0,2.4849066497880004,1.0,12.0,,,2026-04-09,Artificial Intelligence,,1,1,0,0,0,0,0,0,0,0,0,0,0,0,0,1,0,0,N
Juspay,Bengaluru,India,2012,14,62.6,4.136765278106052,5.0,50.0,4.4714285714285715,2012-01-01,2026-01-23,Fintech,"Enterprise, FinTech, Payments",0,0,0,0,0,0,0,0,0,0,1,0,0,0,0,0,1,0,Y
Keda Robotics,,United States,2026,0,4.0,1.3862943611198906,1.0,4.0,,2026-01-01,2026-03-30,Robotics,"Robotics, stealth",0,1,0,0,0,0,0,1,0,0,0,0,0,0,0,0,0,0,N
Kelluu,Espoo,Finland,,,15.0,2.70805020110221,1.0,15.0,,,2026-04-14,Defense Tech,,0,0,0,0,0,0,0,0,0,0,0,0,0,0,0,1,0,0,N
Kestra,Paris,France,2022,4,25.0,3.2188758248682006,1.0,25.0,6.25,2022-01-01,2026-03-31,Developer Tools,"AI, Developer Tools, Open Source",0,0,0,0,0,0,0,0,1,0,0,0,0,0,0,0,0,0,N
Keyrock,Brussels,Belgium,2017,9,0.0,,0.0,,0.0,2017-01-01,2026-03-31,Fintech,"Crypto, Digital Assets, FinTech",0,0,0,0,0,0,0,0,0,0,1,0,0,0,0,0,0,0,N
Kilter,Langhus,Norway,,,7.0,1.9459101490553132,1.0,7.0,,,2026-04-10,Artificial Intelligence,,0,0,0,0,0,0,0,0,0,0,0,0,0,0,0,1,0,0,N
Kime,Copenhagen,Denmark,2025,1,2.0,0.6931471805599453,1.0,2.0,2.0,2025-01-01,2026-01-26,Artificial Intelligence,"AI, Marketing Analytics, SaaS",0,0,0,0,0,0,0,0,0,0,0,0,0,0,1,0,0,0,N
KisaanSay,Gurugram,India,2023,3,4.0,1.3862943611198906,1.0,4.0,1.3333333333333333,2023-01-01,2026-04-07,E-Commerce,"AgriTech, Ecommerce, farmers",0,0,0,0,0,0,0,0,0,0,0,0,0,0,0,1,0,0,N
Klearly,Amsterdam,Netherlands,2022,4,22.9,3.131136910560194,3.0,13.7,5.725,2022-01-01,2026-01-13,Fintech,"FinTech, Hospitality, Payments",0,0,0,0,0,0,0,0,0,0,1,0,0,0,0,0,0,0,Y
Kobo360,Oworonshoki,Nigeria,,,26.0,3.258096538021482,2.0,20.0,,,2020-07-01,Logistics,"Active, Logistics, S18",0,0,0,0,0,0,0,0,0,0,0,0,0,0,0,1,0,0,Y
KreditBee,Bengaluru,India,2016,10,280.0,5.634789603169249,1.0,280.0,28.0,2016-01-01,2026-04-08,Fintech,"credit, FinTech, Lending",0,0,0,0,0,0,0,0,0,0,1,0,0,0,0,0,1,0,N
Lace,Bergen,Norway,2023,3,80.0,4.382026634673881,2.0,40.0,26.666666666666668,2023-01-01,2026-04-02,Semiconductors,"chips, Deep-tech, lithography",0,0,0,0,0,0,0,0,0,0,0,0,0,0,0,1,0,0,N
Laguna Creek,Gilbert,United States,2022,4,6.3,1.840549633397487,1.0,6.3,1.575,2022-01-01,2026-04-04,Enterprise Software,"booking, hospitality-software, SaaS",0,1,0,0,0,0,0,0,0,0,0,0,0,0,1,0,0,0,N
Lateral,London,United Kingdom,2024,2,2.7,0.9932517730102834,1.0,2.7,1.35,2024-01-01,2026-02-03,SaaS,"Digital Health, ElderCare Tech, FinTech",0,0,0,1,0,0,0,0,0,0,1,1,0,0,1,0,0,0,N
Lawhive,London,United Kingdom,2019,7,131.9,4.882044059723269,3.0,60.0,18.842857142857145,2019-01-01,2026-02-05,Artificial Intelligence,"Artificial Intelligence, Consumer Legal Platform, Law Practice Software",0,0,0,1,0,0,0,0,1,0,0,0,0,0,0,0,1,0,N
Legora,Stockholm,Sweden,2023,3,550.0,6.309918278226516,1.0,550.0,183.33333333333334,2023-01-01,2026-03-10,Artificial Intelligence,"AI, Enterprise, LegalTech",0,0,0,0,0,0,0,0,0,0,0,0,0,0,0,1,1,0,Y
LightSeeds,Lausanne,Switzerland,,,0.162,-1.820158943749753,1.0,0.162,,,2026-04-13,Climate Tech,,0,0,0,0,0,0,0,0,0,0,0,0,0,1,0,0,0,0,N
Linda AI,Dublin,Ireland,2025,1,2.8,1.0296194171811581,1.0,2.8,2.8,2025-01-01,2026-02-04,Artificial Intelligence,"Artificial Intelligence, HealthTech, SaaS",0,0,0,0,0,0,0,0,0,0,0,1,0,0,1,0,0,0,N
Listen Labs,Brooklyn,United States,2020,6,47.0,3.8501476017100584,3.0,27.0,7.833333333333333,2020-01-01,2025-04-24,Artificial Intelligence,"AI, Analytics, Voice Tech",0,1,0,0,0,0,0,0,0,0,0,0,0,0,0,1,0,0,Y
Littlebird,San Francisco,United States,2025,1,11.0,2.3978952727983707,1.0,11.0,11.0,2025-01-01,2026-03-23,Artificial Intelligence,"AI, assistant, mac",1,1,0,0,0,0,0,0,0,1,0,0,0,0,0,0,0,0,N
LMArena,San Francisco,United States,2024,2,250.0,5.521460917862246,2.0,150.0,125.0,2024-01-01,2026-01-06,Artificial Intelligence,"Artificial Intelligence, Technology",1,1,0,0,0,0,0,0,0,0,0,0,0,0,0,1,1,0,Y
Localyze,San Francisco,Netherlands,2018,8,47.0,3.8501476017100584,2.0,35.0,5.875,2018-01-01,2022-10-12,SaaS,"Active, Human Resources, Immigration",1,0,0,0,0,0,0,0,0,0,0,0,0,0,1,0,0,0,Y
Looki,Shenzhen,China,2024,2,20.0,2.995732273553991,1.0,20.0,10.0,2024-01-01,2026-01-06,Artificial Intelligence,"Artificial Intelligence, Consumer Electronics, Hardware",0,0,0,0,0,0,0,0,0,0,0,0,0,0,0,1,0,0,N
Loop AI,San Francisco,United States,2022,4,20.0,2.995732273553991,2.0,14.0,5.0,2022-01-01,2026-02-03,Artificial Intelligence,"Artificial Intelligence, Restaurant Tech, Retail Tech",1,1,0,0,0,0,0,0,0,0,0,0,0,0,0,1,0,0,N
Lunar,Copenhagen,Denmark,2015,11,49.5,3.901972669574645,5.0,23.0,4.5,2015-01-01,2021-03-01,Fintech,"FinTech, Mobile Banking",0,0,0,0,0,0,0,0,0,0,1,0,0,0,0,0,0,0,N
MAECONOMY,Heerlen,Netherlands,,,1.6,0.47000362924573563,1.0,1.6,,,2026-04-10,Enterprise Software,,0,0,0,0,0,0,0,0,0,0,0,0,0,0,1,0,0,0,N
Magnax,Kortrijk,Belgium,2015,11,35.5,3.56953269648137,1.0,35.5,3.227272727272727,2015-01-01,2026-04-06,Climate Tech,"Aerospace, Climate Tech, DeepTech",0,0,0,0,0,0,0,0,0,0,0,0,0,1,0,0,0,0,N
Maisonette,New York,United States,2016,10,5.9,1.7749523509116738,1.0,5.9,0.5900000000000001,2016-01-01,2026-03-30,E-Commerce,"E-commerce, Kids, Marketplace",0,1,1,0,0,0,0,0,0,0,0,0,0,0,0,1,0,0,N
Manifold,South Strabane Township,United States,2024,2,8.0,2.0794415416798357,1.0,8.0,4.0,2024-01-01,2026-03-18,Artificial Intelligence,"agents, AI Security, Cybersecurity",0,1,0,0,0,0,0,0,0,1,0,0,1,0,0,0,0,0,N
Material Depot,Bengaluru,India,2021,5,14.0,2.6390573296152584,2.0,10.0,2.8,2021-01-01,2026-02-05,SaaS,"Building/Interior Materials, Digital Discovery Platform, E-commerce",0,0,0,0,0,0,0,0,1,0,0,0,0,0,1,0,0,0,Y
Mattermost,Palo Alto,United States,2016,10,70.0,4.248495242049359,2.0,50.0,7.0,2016-01-01,2021-03-16,Open Source,"Active, Collaboration, DevSecOps",1,1,0,0,0,0,0,0,0,0,0,0,0,0,0,1,1,0,Y
MatX,San Francisco,United States,2024,2,500.0,6.214608098422191,1.0,500.0,250.0,2024-01-01,2026-02-24,Artificial Intelligence,"AI, chips, llm",1,1,0,0,0,1,0,0,0,0,0,0,0,0,0,0,1,0,N
Mesh,San Francisco,United States,2020,6,162.0,5.087596335232384,3.0,82.0,27.0,2020-01-01,2026-01-27,Enterprise Software,"Crypto, Cryptocurrency Payments Infrastructure, Enterprise Software",1,1,0,0,0,0,0,0,0,0,1,0,0,0,1,0,1,0,N
MessageBird,Amsterdam,Netherlands,2011,15,300.0,5.703782474656201,3.0,200.0,20.0,2011-01-01,2020-10-08,API,"Active, API, Messaging",0,0,0,0,0,0,0,0,1,0,0,0,0,0,0,0,1,0,Y
Mews,Prague,Czech Republic,2012,14,815.0,6.703188113240863,9.0,300.0,58.214285714285715,2012-01-01,2026-01-22,SaaS,"Hospitality, SaaS, Travel Tech",0,0,0,0,0,0,0,0,0,0,0,0,0,0,1,0,1,0,Y
MillTech,London,United Kingdom,,,60.0,4.0943445622221,1.0,60.0,,,2026-04-09,Infrastructure Software,,0,0,0,1,0,0,0,0,1,0,0,0,0,0,0,0,1,0,N
Mind Robotics,Normal,United States,2025,1,500.0,6.214608098422191,1.0,500.0,500.0,2025-01-01,2026-03-11,Artificial Intelligence,"AI, Industrial, Manufacturing",0,1,0,0,0,0,0,0,0,0,0,0,0,0,0,1,1,0,Y
Miravoice,San Francisco,United States,2025,1,6.3,1.840549633397487,1.0,6.3,6.3,2025-01-01,2026-04-02,Artificial Intelligence,"data-collection, Enterprise Software, Research",1,1,0,0,0,0,0,0,0,0,0,0,0,0,1,0,0,0,N
Mistral AI,Paris,France,2023,3,830.0,6.721425700790643,1.0,830.0,276.6666666666667,2023-01-01,2026-03-30,Artificial Intelligence,"AI, europe, llm",0,0,0,0,0,1,0,0,0,0,0,0,0,0,0,0,1,0,N
Mixpanel,San Francisco,United States,2009,17,75.0,4.31748811353631,2.0,65.0,4.411764705882353,2009-01-01,2014-12-01,Databases,"Active, Analytics, B2B",1,1,0,0,0,0,0,0,1,0,0,0,0,0,0,0,1,0,Y
Moda,San Francisco,United States,2025,1,7.5,2.0149030205422647,1.0,7.5,7.5,2025-01-01,2026-03-24,Artificial Intelligence,"AI, Design, Productivity",1,1,0,0,0,0,0,0,0,0,0,0,0,0,1,0,0,0,Y
Modern Milkman,Burnley,United Kingdom,2018,8,85.0,4.442651256490317,4.0,64.0,10.625,2018-01-01,2026-01-28,E-Commerce,"E-commerce, Food & Beverage, Sustainability",0,0,0,0,0,0,0,0,0,0,0,0,0,1,0,0,1,0,Y
Modern Relay,Barcelona,Spain,,,3.0,1.0986122886681098,1.0,3.0,,,2026-04-14,Artificial Intelligence,,0,0,0,0,0,0,0,0,0,0,0,0,0,0,0,1,0,0,N
Mos Health,,Poland,2025,1,1.0,0.0,1.0,1.0,1.0,2025-01-01,2026-01-30,Healthtech,"HealthTech, Preventive & Personalized Health Software, Wellness Services",0,0,0,0,0,0,0,0,0,0,0,1,0,0,0,0,0,0,N
Move To Happiness,Antwerp,Belgium,2021,5,1.1,0.09531017980432493,1.0,1.1,0.22000000000000003,2021-01-01,2026-02-10,SaaS,"AI Performance, HRTech, Organizational Health",0,0,0,0,0,0,0,0,0,0,0,0,0,0,1,0,0,0,N
Multibagg AI,Bengaluru,India,,,0.181,-1.7092582477163114,1.0,0.181,,,2023-10-01,Artificial Intelligence,"AI, FinTech, Stock Research",0,0,0,0,0,0,0,0,0,0,1,0,0,0,0,0,0,0,N
Mutiny,San Francisco,United States,2018,8,50.0,3.912023005428146,1.0,50.0,6.25,2018-01-01,2022-03-15,Artificial Intelligence,"Active, Artificial Intelligence, B2B",1,1,0,0,0,0,0,0,0,0,0,0,0,0,0,1,1,0,Y
Mux,San Francisco,United States,2016,10,66.0,4.189654742026425,3.0,37.0,6.6,2016-01-01,2021-02-23,Developer Tools,"Active, API, Developer Tools",1,1,0,0,0,0,0,0,1,0,0,0,0,0,0,0,0,0,Y
MyARC,London,United Kingdom,2021,5,4.0,1.3862943611198906,2.0,2.0,0.8,2021-01-01,2026-01-26,SaaS,"Creator Economy, FitTech, SaaS",0,0,0,1,0,0,0,0,0,0,0,0,0,0,1,0,0,0,N
Mysa,Bengaluru,India,2023,3,5.0,1.6094379124341003,2.0,3.0,1.6666666666666667,2023-01-01,2026-01-27,Fintech,"B2B Finance & Banking Automation, FinTech",0,0,0,0,0,0,0,0,0,1,1,0,0,0,0,0,0,0,N
Mytra,San Francisco,United States,2022,4,198.0,5.288267030694535,3.0,120.0,49.5,2022-01-01,2026-01-15,Artificial Intelligence,"Artificial Intelligence, Automation, Logistics",1,1,0,0,0,0,0,0,0,1,0,0,0,0,0,0,1,0,N
Narwhal Labs,Bristol,United Kingdom,2022,4,26.0,3.258096538021482,1.0,26.0,6.5,2022-01-01,2026-04-08,Artificial Intelligence,"agents, AI, communications",0,0,0,0,0,0,0,0,0,1,0,0,0,0,0,0,0,0,N
Nava,Bengaluru,India,,,22.0,3.091042453358316,1.0,22.0,,,2026-04-09,Artificial Intelligence,,0,0,0,0,0,0,0,0,0,0,0,0,0,0,0,1,0,0,N
Nebius Group,Amsterdam,Netherlands,2023,3,2000.0,7.600902459542082,1.0,2000.0,666.6666666666666,2023-01-01,2026-03-11,AI Infrastructure,"ai-infra, Cloud, data-center",0,0,0,0,0,0,0,0,1,0,0,0,0,0,0,0,1,1,N
NeuralMed AI,Boston,United States,2022,4,120.0,4.787491742782046,1.0,120.0,30.0,2022-01-01,2026-01-11,Artificial Intelligence,"Artificial Intelligence, Healthcare",0,1,0,0,0,0,0,0,0,0,0,1,0,0,0,0,1,0,Y
neuroClues,Louvain-la-Neuve,Belgium,2020,6,10.0,2.302585092994046,1.0,10.0,1.6666666666666667,2020-01-01,2026-04-07,Artificial Intelligence,"AI, Diagnostics, eye-tracking",0,0,0,0,0,0,0,0,0,0,0,1,0,0,0,0,0,0,N
Neysa,Mumbai,India,2023,3,62.5,4.135166556742356,1.0,62.5,20.833333333333332,2023-01-01,2026-01-19,Artificial Intelligence,"AI Infrastructure, Cloud Computing, Enterprise AI",0,0,0,0,0,0,0,0,1,0,0,0,0,0,1,0,1,0,N
nFuse,Sofia,Bulgaria,2025,1,2.0,0.6931471805599453,1.0,2.0,2.0,2025-01-01,2026-04-07,Artificial Intelligence,"AI, B2B Commerce, ordering",0,0,0,0,0,0,0,0,0,0,0,0,0,0,0,1,0,0,N
Nivaan Care,Delhi,India,2023,3,11.3,2.424802725718295,2.0,7.0,3.766666666666667,2023-01-01,2026-01-27,Healthcare,"Healthcare, Medical Services",0,0,0,0,0,0,0,0,0,0,0,1,0,0,0,0,0,0,N
Nomagic,Warsaw,Poland,2017,9,84.0,4.430816798843313,4.0,44.0,9.333333333333334,2017-01-01,2026-01-28,Artificial Intelligence,"Artificial Intelligence, Logistics, Robotics",0,0,0,0,0,0,0,1,0,0,0,0,0,0,0,0,0,0,Y
Noon,San Francisco,United States,2024,2,44.0,3.784189633918261,1.0,44.0,22.0,2024-01-01,2026-04-03,Artificial Intelligence,"AI, code, Design Tools",1,1,0,0,0,0,0,0,0,0,0,0,0,0,0,1,0,0,N
Nordic Bioproducts Group,Turku,Finland,,,0.0,,0.0,,,,2026-01-21,Biotechnology,"Bioeconomy, Biotechnology, Sustainable Materials",0,0,0,0,0,0,0,0,0,0,0,1,0,0,0,0,0,0,N
Notch,,United States,2021,5,30.0,3.4011973816621555,1.0,30.0,6.0,2021-01-01,2026-03-25,Artificial Intelligence,"AI, Enterprise, InsurTech",0,1,0,0,0,0,0,0,0,0,1,0,0,0,0,0,0,0,Y
Notion,San Francisco,United States,2016,10,620.0,6.429719478039138,6.0,275.0,62.0,2016-01-01,2021-10-01,SaaS,"Collaboration, Productivity, SaaS",1,1,0,0,0,0,0,0,0,0,0,0,0,0,1,0,1,0,Y
Nscale,London,United Kingdom,2022,4,2000.0,7.600902459542082,1.0,2000.0,500.0,2022-01-01,2026-03-09,AI Infrastructure,"ai-infra, Cloud, data-center",0,0,0,1,0,0,0,0,1,0,0,0,0,0,0,0,1,1,N
Obin AI,New York,United States,2024,2,7.0,1.9459101490553132,1.0,7.0,3.5,2024-01-01,2026-03-18,Artificial Intelligence,"agents, AI, Enterprise",0,1,1,0,0,0,0,0,0,1,0,0,0,0,0,0,0,0,N
Obriy AI,Kyiv,Ukraine,,,0.5,-0.6931471805599453,1.0,0.5,,,2026-04-14,Artificial Intelligence,,0,0,0,0,0,0,0,0,0,0,0,0,0,0,0,1,0,0,N
Observe.AI,San Francisco,United States,2017,9,187.0,5.231108616854587,3.0,125.0,20.77777777777778,2017-01-01,2022-04-12,Artificial Intelligence,"Active, AI, Artifical Intelligence",1,1,0,0,0,0,0,0,0,0,0,0,0,0,0,1,1,0,Y
Occam,London,United Kingdom,2021,5,3.2,1.1631508098056809,1.0,3.2,0.64,2021-01-01,2026-02-11,Artificial Intelligence,"Artificial Intelligence, Autonomous Systems, Defence Tech",0,0,0,1,0,0,0,1,0,0,0,0,0,0,0,0,0,0,N
Octarine Bio,Copenhagen,Denmark,2018,8,24.0,3.1780538303479458,4.0,15.0,3.0,2018-01-01,2026-01-23,Biotechnology,"Biotechnology, Synthetic Biology",0,0,0,0,0,0,0,0,0,0,0,1,0,0,0,0,0,0,N
Octobotics,Noida,India,2020,6,1.2,0.1823215567939546,1.0,1.2,0.19999999999999998,2020-01-01,2026-02-05,Artificial Intelligence,"Artificial Intelligence, Deep-tech, Industrial Automation",0,0,0,0,0,0,0,0,0,1,0,0,0,0,0,0,0,0,N
Octostar,Galway,Ireland,2023,3,6.1,1.8082887711792655,1.0,6.1,2.033333333333333,2023-01-01,2026-04-06,Artificial Intelligence,"AI, Analytics, intelligence",0,0,0,0,0,0,0,0,0,0,0,0,0,0,0,1,0,0,N
Offerswap,Hameenlinna,Finland,2024,2,2.3,0.8329091229351039,1.0,2.3,1.15,2024-01-01,2026-01-21,Artificial Intelligence,"AI, Internet Marketplace Platforms, Services Marketplace",0,0,0,0,0,0,0,0,0,0,0,0,0,0,0,1,0,0,N
OkCredit,Bengaluru,India,2017,9,82.0,4.406719247264253,2.0,67.0,9.11111111111111,2017-01-01,2019-09-01,Fintech,"Active, Finance, FinOps",0,0,0,0,0,0,0,0,0,0,1,0,0,0,0,0,1,0,Y
Olyv,Bengaluru,India,2017,9,23.0,3.1354942159291497,1.0,23.0,2.5555555555555554,2017-01-01,2026-02-11,Fintech,"Digital Lending, Financial Services, FinTech",0,0,0,0,0,0,0,0,0,0,1,0,0,0,0,0,0,0,N
Omniscient,Paris,France,2024,2,4.099999999999999,1.4109869737102618,1.0,4.1,2.0499999999999994,2024-01-01,2026-04-02,Artificial Intelligence,"AI, decision-intelligence, Monitoring",0,0,0,0,0,0,0,0,0,0,0,0,0,0,0,1,0,0,N
Omniscient Neurotechnology,Sydney,Australia,,,139.2,4.935911747900319,4.0,60.0,,,2026-01-19,Artificial Intelligence,"AI, Brain Mapping, HealthTech",0,0,0,0,0,0,0,0,0,0,0,1,0,0,0,0,1,0,N
OneARVO,New Delhi,India,2023,3,0.0,,0.0,,0.0,2023-01-01,2026-01-29,Artificial Intelligence,"AI, Product Authentication & Traceability, Supply Chain Technology",0,0,0,0,0,0,0,0,0,0,0,0,0,0,0,1,0,0,N
Onebrief,,United States,,,200.0,5.298317366548036,1.0,200.0,,,2026-01-13,Artificial Intelligence,"AI Planning, Defense Tech, Military Software",0,1,0,0,0,0,0,0,0,0,0,0,0,0,0,1,1,0,Y
OneSignal,San Mateo,United States,2011,15,34.0,3.5263605246161616,2.0,25.0,2.2666666666666666,2011-01-01,2018-12-12,Developer Tools,"Active, B2B, Developer Tools",0,1,0,0,0,0,0,0,1,0,0,0,0,0,0,0,0,0,Y
Onsetto,Minneapolis,United States,,,2.2,0.7884573603642703,1.0,2.2,,,2026-01-08,Artificial Intelligence,"AI, Banking, Enterprise Software",0,1,0,0,0,0,0,0,0,0,1,0,0,0,1,0,0,0,N
Onshore,Town of East Hampton,United States,2020,6,31.0,3.4339872044851463,1.0,31.0,5.166666666666667,2020-01-01,2026-02-18,Enterprise Software,"AI, Enterprise, FinTech",0,1,0,0,0,0,0,0,0,0,1,0,0,0,1,0,0,0,Y
OnSite,,Singapore,,,1.3,0.26236426446749106,1.0,1.3,,,2026-04-08,Artificial Intelligence,"AI, Construction Tech, workflow",0,0,0,0,0,0,0,0,0,0,0,0,0,0,1,0,0,0,N
Ontic Technologies,Austin,United States,,,230.0,5.438079308923196,1.0,230.0,,,2025-08-21,Artificial Intelligence,"AI, Security, Software",0,1,0,0,0,0,0,0,0,0,0,0,1,0,0,0,1,0,N
OpenAI,San Francisco,United States,2015,11,158900.0,11.976030352524807,6.0,110000.0,14445.454545454546,2015-01-01,2026-02-27,Artificial Intelligence,"AGI, AI, ChatGPT",1,1,0,0,0,0,0,0,0,0,0,0,0,0,0,1,1,1,Y
OpenCX,San Francisco,United States,2025,1,8.0,2.0794415416798357,2.0,7.0,8.0,2025-01-01,2026-01-22,Enterprise AI,"CRM, Enterprise AI",1,1,0,0,0,0,0,0,0,0,0,0,0,0,1,0,0,0,Y
Optimist,Gurugram,India,2024,2,12.0,2.4849066497880004,1.0,12.0,6.0,2024-01-01,2026-01-22,Climate Tech,"Climate Tech, Consumer durables, Cooling systems",0,0,0,0,0,0,0,0,0,0,0,0,0,1,0,0,0,0,Y
Optivian,Helsinki,Finland,2025,1,2.0,0.6931471805599453,1.0,2.0,2.0,2025-01-01,2026-02-04,Artificial Intelligence,"Artificial Intelligence, Enterprise Software, Machine Learning",0,0,0,0,0,0,0,0,0,0,0,0,0,0,1,0,0,0,N
Orbem,Munich,Germany,2018,8,64.5,4.1666652238017265,1.0,64.5,8.0625,2018-01-01,2026-01-20,Artificial Intelligence,"Artificial Intelligence, Industrial Inspection, Machine Learning",0,0,0,0,0,0,0,0,0,0,0,0,0,0,0,1,1,0,N
Orbital,London,United Kingdom,2018,8,74.0,4.30406509320417,3.0,60.0,9.25,2018-01-01,2026-01-26,Artificial Intelligence,"AI, LegalTech",0,0,0,1,0,0,0,0,0,0,0,0,0,0,0,1,1,0,N
OrtCloud,,Singapore,,,1.7,0.5306282510621704,1.0,1.7,,,2026-04-14,Cloud Infrastructure,,0,0,0,0,0,0,0,0,1,0,0,0,0,0,0,0,0,0,N
osapiens,Mannheim,Germany,2018,8,100.0,4.605170185988092,1.0,100.0,12.5,2018-01-01,2026-01-14,Enterprise Software,"Enterprise Software, ESG, Sustainability",0,0,0,0,0,0,0,0,0,0,0,0,0,1,1,0,1,0,N
Otterspace,Berlin,Germany,2021,5,2.1,0.7419373447293773,1.0,2.1,0.42000000000000004,2021-01-01,2026-01-20,SaaS,"EU-Startups, Credentials, SaaS",0,0,0,0,0,0,0,0,0,0,0,0,0,0,1,0,0,0,N
Owner,San Francisco,United States,2020,6,178.7,5.185708422165383,4.0,120.0,29.78333333333333,2020-01-01,2025-05-13,SaaS,"Online Ordering, RestaurantTech, SaaS",1,1,0,0,0,0,0,0,0,0,0,0,0,0,1,0,1,0,N
PagerDuty,San Francisco,United States,,,170.5,5.1387352967235715,4.0,90.0,,,2019-04-11,DevOps,"DevOps, Monitoring, Public",1,1,0,0,0,0,0,0,1,0,0,0,0,0,0,0,1,0,Y
Pallma AI,London,United Kingdom,2024,2,1.0,0.0,1.0,1.0,0.5,2024-01-01,2026-01-28,Artificial Intelligence,"Analytics, Artificial Intelligence, Cybersecurity",0,0,0,1,0,0,0,0,0,0,0,0,1,0,0,0,0,0,N
Panorama Education,Boston,United States,2012,14,80.0,4.382026634673881,3.0,60.0,5.714285714285714,2012-01-01,2021-09-28,SaaS,"Active, B2B, Education",0,1,0,0,0,0,0,0,0,0,0,0,0,0,1,0,1,0,Y
PaperShell,Tibro,Sweden,,,43.5,3.7727609380946383,1.0,43.5,,,2026-04-08,Climate Tech,"Climate Tech, Manufacturing, Materials",0,0,0,0,0,0,0,0,0,0,0,0,0,1,0,0,0,0,N
Parabilis Medicines,Cambridge,United States,2016,10,634.0,6.452048954437226,5.0,305.0,63.4,2016-01-01,2026-01-08,Healthcare,"Biotech, Cancer, Drug Development",0,1,0,0,0,0,0,0,0,0,0,1,0,0,0,0,1,0,Y
Parafin,San Francisco,United States,2020,6,194.0,5.267858159063328,3.0,116.0,32.333333333333336,2020-01-01,2022-08-03,Fintech,"B2B, FinTech, Payments",1,1,0,0,0,0,0,0,0,0,1,0,0,0,0,0,1,0,Y
Paraglide,Malmö,Sweden,,,5.0,1.6094379124341003,1.0,5.0,,,2026-01-27,Developer Tools,"AI automation, Developer Tools, FinTech",0,0,0,0,0,0,0,0,1,1,1,0,0,0,0,0,0,0,Y
Parallel,Paris,France,2025,1,20.0,2.995732273553991,1.0,20.0,20.0,2025-01-01,2026-03-19,Artificial Intelligence,"admin, AI, HealthTech",0,0,0,0,0,0,0,0,0,0,0,1,0,0,0,0,0,0,Y
Parloa,Munich,Germany,2018,8,561.2,6.330077348228306,5.0,350.0,70.15,2018-01-01,2026-01-15,Artificial Intelligence,"AI, Customer Service, Enterprise Software",0,0,0,0,0,0,0,0,0,0,0,0,0,0,1,0,1,0,Y
Patlytics,New York,United States,2024,2,40.0,3.6888794541139363,1.0,40.0,20.0,2024-01-01,2026-04-08,Artificial Intelligence,"AI, Legal Tech, patents",0,1,1,0,0,0,0,0,0,0,0,0,0,0,0,1,0,0,N
Paxos Labs,,United States,,,12.0,2.4849066497880004,1.0,12.0,,,2026-04-14,Fintech,,0,1,0,0,0,0,0,0,0,0,1,0,0,0,0,0,0,0,N
Peach Finance,Oakland,United States,2018,8,12.0,2.4849066497880004,2.0,10.0,1.5,2018-01-01,2024-10-29,Financial Services,"Financial Services, Software",1,1,0,0,0,0,0,0,0,0,1,0,0,0,0,0,0,0,N
PeakMetrics,Los Angeles,United States,,,6.0,1.791759469228055,1.0,6.0,,,2026-04-09,Artificial Intelligence,,0,1,0,0,0,0,0,0,0,0,0,0,0,0,0,1,0,0,N
PENEMUE,Freiburg im Breisgau,Germany,2023,3,1.8,0.5877866649021191,1.0,1.8,0.6,2023-01-01,2026-04-03,Artificial Intelligence,"AI, disinformation, hate-speech",0,0,0,0,0,0,0,0,0,0,0,0,0,0,0,1,0,0,N
People.ai,San Francisco,United States,2016,10,97.0,4.574710978503383,3.0,60.0,9.7,2016-01-01,2019-10-15,Artificial Intelligence,"Active, Artifical Intelligence, Artificial Intelligence",1,1,0,0,0,0,0,0,0,0,0,0,0,0,0,1,1,0,Y
Performance Drone Works,,United States,2020,6,110.0,4.700480365792417,1.0,110.0,18.333333333333332,2020-01-01,2026-03-25,Defense Tech,"Defense, Drones, Hardware",0,1,0,0,0,0,0,0,0,0,0,0,0,0,0,1,1,0,N
PhonePe,Bangalore,India,2015,11,2100.0,7.649692623711514,8.0,1500.0,190.9090909090909,2015-01-01,2026-01-20,Fintech,"Digital Banking, FinTech, Payments",0,0,0,0,0,0,0,0,0,0,1,0,0,0,0,0,1,1,Y
Pickmybrain,Tallinn,Estonia,,,2.3,0.8329091229351039,1.0,2.3,,,2026-04-01,Artificial Intelligence,"AI, creator, expert-economy",0,0,0,0,0,0,0,0,0,0,0,0,0,0,0,1,0,0,N
Pillar,nan,,,,,,,,,,,Enterprise Software,,0,0,0,0,0,0,0,0,0,0,0,0,0,0,1,0,0,0,N
Plaid,San Francisco,United States,2013,13,1300.0,7.170119543449628,7.0,575.0,100.0,2013-01-01,2025-04-03,API,"API, FinTech, Infrastructure",1,1,0,0,0,0,0,0,1,0,1,0,0,0,0,0,1,1,Y
Plato,Berlin,Germany,2023,3,21.0,3.044522437723423,2.0,14.5,7.0,2023-01-01,2026-02-05,Artificial Intelligence,"Artificial Intelligence, B2B SaaS, ERP Automation",0,0,0,0,0,0,0,0,0,1,0,0,0,0,1,0,0,0,N
Plume,Paris,France,,,3.3,1.1939224684724346,1.0,3.3,,,2026-04-09,Artificial Intelligence,,0,0,0,0,0,0,0,0,0,0,0,0,0,0,0,1,0,0,Y
Podium,Lehi,United States,2014,12,188.2,5.23750522715128,3.0,125.0,15.683333333333332,2014-01-01,2020-04-07,Artificial Intelligence,"Active, AI, B2B",0,1,0,0,0,0,0,0,0,0,0,0,0,0,0,1,1,0,Y
Polaron,London,United Kingdom,2023,3,8.0,2.0794415416798357,1.0,8.0,2.6666666666666665,2023-01-01,2026-02-03,Artificial Intelligence,"Artificial Intelligence, Deep-tech, Industrial AI",0,0,0,1,0,0,0,0,0,0,0,0,0,0,0,1,0,0,N
Pomelo Care,,United States,,,196.0,5.278114659230517,5.0,92.0,,,2026-01-08,Healthcare,"Digital Health, Healthcare, Telemedicine",0,1,0,0,0,0,0,0,0,0,0,1,0,0,0,0,1,0,Y
Porters,Zürich,Switzerland,2026,0,2.9,1.0647107369924282,1.0,2.9,,2026-01-01,2026-02-11,Artificial Intelligence,"AI, Banking Operations Automation, FinTech",0,0,0,0,0,0,0,0,0,1,1,0,0,0,0,0,0,0,N
Positron,Reno,United States,2023,3,305.1,5.720639591722624,3.0,230.0,101.7,2023-01-01,2026-02-04,Semiconductors,"AI Hardware, Deep-tech, Inference Chips",0,1,0,0,0,0,0,0,0,0,0,0,0,0,0,1,1,0,N
Preply,Brookline,United States,2012,14,320.6,5.770194240175453,9.0,150.0,22.900000000000002,2012-01-01,2026-01-21,Artificial Intelligence,"AI, EdTech, Language Learning",0,1,0,0,0,0,0,0,0,0,0,0,0,0,0,1,1,0,N
Project Eleven,New York,United States,2024,2,46.0,3.828641396489095,3.0,20.0,23.0,2024-01-01,2026-01-15,Cybersecurity,"Digital Assets, Post-Quantum Cryptography, Quantum Security",0,1,1,0,0,0,0,0,0,0,0,0,1,0,0,0,0,0,N
Prolium Bioscience,,United States,,,50.0,3.912023005428146,1.0,50.0,,,2026-03-03,Biotechnology,"Biotech, clinical-stage, immunotherapy",0,1,0,0,0,0,0,0,0,0,0,1,0,0,0,0,1,0,N
Protege,San Francisco,United States,2024,2,65.0,4.174387269895637,3.0,30.0,32.5,2024-01-01,2026-01-08,Artificial Intelligence,"Artificial Intelligence, Data Platform, Enterprise Software",1,1,0,0,0,0,0,0,1,0,0,0,0,0,1,0,0,0,Y
Qflow,London,United Kingdom,2018,8,16.9,2.8273136219290276,4.0,9.1,2.1125,2018-01-01,2026-02-06,SaaS,"AI & Data, Carbon Tracking, Construction Tech",0,0,0,1,0,0,0,0,0,0,0,0,0,1,1,0,0,0,N
Qontext,Berlin,Germany,2025,1,2.7,0.9932517730102834,1.0,2.7,2.7,2025-01-01,2026-02-05,Artificial Intelligence,"AI Infrastructure, AI Platform, Artificial Intelligence",0,0,0,0,0,0,0,0,1,0,0,0,0,0,0,0,0,0,N
Qoro Quantum,London,United Kingdom,,,0.75,-0.2876820724517809,1.0,0.75,,,2026-04-09,Infrastructure Software,,0,0,0,1,0,0,0,0,1,0,0,0,0,0,0,0,0,0,N
Qover,Brussels,Belgium,2016,10,12.0,2.4849066497880004,1.0,12.0,1.2,2016-01-01,2026-03-31,Fintech,"API, embedded-insurance, FinTech",0,0,0,0,0,0,0,0,1,0,1,0,0,0,0,0,0,0,N
QT Sense,Groningen,Netherlands,2024,2,11.1,2.4069451083182885,2.0,6.3,5.55,2024-01-01,2026-02-04,Healthtech,"Biotechnology, Deep-tech, Diagnostics",0,0,0,0,0,0,0,0,0,0,0,1,0,0,0,0,0,0,N
Quantum Shield,San Francisco,United States,2023,3,45.0,3.8066624897703196,1.0,45.0,15.0,2023-01-01,2026-01-11,Enterprise Software,"Cybersecurity, Enterprise Software",1,1,0,0,0,0,0,0,0,0,0,0,1,0,1,0,0,0,Y
R1 Therapeutics,Toa Baja,United States,2025,1,77.5,4.350277936359301,1.0,77.5,77.5,2025-01-01,2026-03-17,Biotechnology,"Biotech, clinical-stage, kidney-disease",0,1,0,0,0,0,0,0,0,0,0,1,0,0,0,0,1,0,N
R3 Robotics,Luxembourg City,Luxembourg,2021,5,23.6,3.1612467120315646,1.0,23.6,4.720000000000001,2021-01-01,2026-02-05,Artificial Intelligence,"Artificial Intelligence, Circular Economy, EV Recycling",0,0,0,0,0,0,0,0,0,0,0,0,0,0,0,1,0,0,N
Raana Semiconductors,Bangalore,India,,,3.0,1.0986122886681098,1.0,3.0,,,2026-01-20,Semiconductors,"Hardware, Manufacturing, Semiconductors",0,0,0,0,0,0,0,0,0,0,0,0,0,0,0,1,0,0,N
Radiant,El Segundo,United States,2020,6,565.0,6.336825731146441,3.0,300.0,94.16666666666667,2020-01-01,2025-12-21,Hardware,"Advanced Manufacturing, Clean Energy, Hardware",0,1,0,0,0,0,0,0,0,0,0,0,0,1,0,0,1,0,N
Railway,San Francisco,United States,2021,5,1.0,0.0,1.0,1.0,0.2,2021-01-01,2020-06-01,Developer Tools,"Cloud Infrastructure, Developer Tools, SaaS",1,1,0,0,0,0,0,0,1,0,0,0,0,0,1,0,0,0,Y
Rain,New York,United States,,,832.5,6.724433221854599,5.0,250.0,,,2026-01-13,Fintech,"Blockchain, Cryptocurrency, FinTech",0,1,1,0,0,0,0,0,0,0,1,0,0,0,0,0,1,0,Y
Rainbow Weather,Warsaw,Poland,2021,5,7.0,1.9459101490553132,2.0,5.0,1.4,2021-01-01,2026-01-26,Artificial Intelligence,"AI, Climate Tech, Machine Learning",0,0,0,0,0,0,0,0,0,0,0,0,0,1,0,0,0,0,N
Ralio,London,United Kingdom,,,2.1,0.7419373447293773,1.0,2.1,,,2026-04-13,Artificial Intelligence,,0,0,0,1,0,0,0,0,0,0,0,0,0,0,0,1,0,0,N
Ramen VR,San Francisco,United States,2019,7,10.0,2.302585092994046,1.0,10.0,1.4285714285714286,2019-01-01,2021-03-10,Artificial Intelligence,"Active, AR, Artificial Intelligence",1,1,0,0,0,0,0,0,0,0,0,0,0,0,0,1,0,0,Y
Raylo,London,United Kingdom,2018,8,399.0,5.988961416889864,7.0,171.0,49.875,2018-01-01,2026-01-27,Fintech,"Circular Economy, FinTech, Tech subscription",0,0,0,1,0,0,0,0,0,0,1,0,0,0,0,0,1,0,N
Razorpay,Bengaluru,India,2015,11,364.0,5.8971538676367405,5.0,160.0,33.09090909090909,2015-01-01,2021-04-19,Fintech,"Active, Banking as a Service, FinTech",0,0,0,0,0,0,0,0,0,0,1,0,0,0,0,0,1,0,Y
Recare,Berlin,Germany,2017,9,52.0,3.9512437185814275,4.0,44.0,5.777777777777778,2017-01-01,2026-01-29,Healthtech,"Digital health SaaS, HealthTech",0,0,0,0,0,0,0,0,0,0,0,1,0,0,1,0,0,0,N
Refute,London,United Kingdom,2024,2,9.2,2.2192034840549946,2.0,6.3,4.6,2024-01-01,2026-02-03,Artificial Intelligence,"AI, Cybersecurity, Defence Tech",0,0,0,1,0,0,0,0,0,0,0,0,1,0,0,0,0,0,N
Relativity Space,Long Beach,United States,2016,10,675.0,6.51471269087253,3.0,500.0,67.5,2016-01-01,2021-11-23,Machine Learning,"3D Printing, Active, Machine Learning",0,1,0,0,0,0,0,0,0,0,0,0,0,0,0,1,1,0,Y
Reliance Health,Lagos,Nigeria,2016,10,46.0,3.828641396489095,2.0,40.0,4.6,2016-01-01,2022-01-19,Healthcare,"Active, Digital Health, Health Insurance",0,0,0,0,0,0,0,0,0,0,0,1,0,0,0,0,0,0,Y
Remote,San Francisco,United States,2019,7,507.5,6.229496710915942,5.0,300.0,72.5,2019-01-01,2022-04-05,SaaS,"FinTech, HR Tech, SaaS",1,1,0,0,0,0,0,0,0,0,1,0,0,0,1,0,1,0,Y
RenoFi,Philadelphia,United States,2018,8,22.0,3.091042453358316,1.0,22.0,2.75,2018-01-01,2026-03-03,Fintech,"FinTech, home-renovation, Lending",0,1,0,0,0,0,0,0,0,0,1,0,0,0,0,0,0,0,N
Replenit,London,United Kingdom,,,2.5,0.9162907318741551,1.0,2.5,,,2026-04-13,Artificial Intelligence,,0,0,0,1,0,0,0,0,0,0,0,0,0,0,0,1,0,0,N
Replit,San Francisco,United States,2016,10,872.6,6.771477260689509,9.0,400.0,87.26,2016-01-01,2026-03-11,Developer Tools,"Active, Collaboration, Developer Tools",1,1,0,0,0,0,0,0,1,0,0,0,0,0,0,0,1,0,Y
Retool,San Francisco,United States,,,95.0,4.553876891600541,3.0,50.0,,,2022-12-07,Developer Tools,"Active, Developer Tools, W17",1,1,0,0,0,0,0,0,1,0,0,0,0,0,0,0,1,0,Y
Ribbon Health,New York,United States,2016,10,53.5,3.979681653901961,2.0,43.0,5.35,2016-01-01,2021-10-13,API,"Active, API, Digital Health",0,1,1,0,0,0,0,0,1,0,0,1,0,0,0,0,0,0,Y
Ridecell,San Francisco,United States,2009,17,45.0,3.8066624897703196,1.0,45.0,2.6470588235294117,2009-01-01,2021-04-20,Artificial Intelligence,"Active, AI, B2B",1,1,0,0,0,0,0,0,0,0,0,0,0,0,0,1,0,0,N
RingCentral Events,London,United Kingdom,2019,7,1200.0,7.090076835776092,5.0,565.0,171.42857142857142,2019-01-01,2021-08-10,SaaS,"Events, SaaS, Video",0,0,0,1,0,0,0,0,0,0,0,0,0,0,1,0,1,1,Y
Ringg,Bengaluru,India,2023,3,5.5,1.7047480922384253,1.0,5.5,1.8333333333333333,2023-01-01,2026-01-21,Artificial Intelligence,"AI, SaaS, Voice Technology",0,0,0,0,0,0,0,0,0,0,0,0,0,0,1,0,0,0,N
Ringg AI,Bengaluru,India,2023,3,1.0,0.0,1.0,1.0,0.3333333333333333,2023-01-01,2025-05-29,Artificial Intelligence,"AI, Contact Center, Customer Service",0,0,0,0,0,0,0,0,0,0,0,0,0,0,0,1,0,0,N
Riplo,London,United Kingdom,2025,1,2.8,1.0296194171811581,1.0,2.8,2.8,2025-01-01,2026-03-31,Artificial Intelligence,"agentic, AI, Consulting",0,0,0,1,0,0,0,0,0,0,0,0,0,0,0,1,0,0,N
RISA Labs,Palo Alto,United States,,,11.1,2.4069451083182885,1.0,11.1,,,2026-01-14,Artificial Intelligence,"Artificial Intelligence, Healthcare, Medical Technology",1,1,0,0,0,0,0,0,0,0,0,1,0,0,0,0,0,0,N
Roha Housing Finance,Mumbai,India,2017,9,48.0,3.871201010907891,1.0,48.0,5.333333333333333,2017-01-01,2026-01-22,Fintech,"Financial Services — Housing Finance (HFC) / Affordable Home Loans, FinTech",0,0,0,0,0,0,0,0,0,0,1,0,0,0,0,0,0,0,N
Round Treasury,London,United Kingdom,,,10.5,2.3513752571634776,2.0,6.0,,,2026-04-13,Artificial Intelligence,,0,0,0,1,0,0,0,0,0,0,0,0,0,0,0,1,0,0,N
Runeasi,Tienen,Belgium,2020,6,1.0,0.0,1.0,1.0,0.16666666666666666,2020-01-01,2026-02-04,Healthtech,"Biomechanics, HealthTech, Sports Tech",0,0,0,0,0,0,0,0,0,0,0,1,0,0,0,0,0,0,N
RunSybil,,United States,2023,3,40.0,3.6888794541139363,1.0,40.0,13.333333333333334,2023-01-01,2026-03-18,Artificial Intelligence,"AI, Cybersecurity, offensive-security",0,1,0,0,0,0,0,0,0,0,0,0,1,0,0,0,0,0,Y
Runway,City of Syracuse,United States,2018,8,857.5,6.754021179040095,6.0,315.0,107.1875,2018-01-01,2026-02-10,Artificial Intelligence,"AI, Content Creation, Generative AI",0,1,0,0,0,1,0,0,0,0,0,0,0,0,0,0,1,0,Y
Rutter,New York,United States,2021,5,74.5,4.310799125385514,3.0,45.0,14.9,2021-01-01,2024-06-20,Developer Tools,"Active, B2B, Developer Tools",0,1,1,0,0,0,0,0,1,0,0,0,0,0,0,0,0,0,Y
Sable Bio,London,United Kingdom,2023,3,5.3,1.667706820558076,2.0,3.5,1.7666666666666666,2023-01-01,2026-02-11,Artificial Intelligence,"AI-Biotech, Artificial Intelligence, Drug Discovery Analytics",0,0,0,1,0,0,0,0,0,0,0,1,0,0,0,0,0,0,N
Salt Security,Palo Alto,United States,2016,10,260.0,5.560681631015528,4.0,140.0,26.0,2016-01-01,2022-02-09,Cybersecurity,"Active, Cybersecurity, W16",1,1,0,0,0,0,0,0,0,0,0,0,1,0,0,0,1,0,Y
Salty,,India,,,3.3,1.1939224684724346,1.0,3.3,,,2026-01-19,E-Commerce,"Consumer, E-commerce, Retail",0,0,0,0,0,0,0,0,0,0,0,0,0,0,0,1,0,0,N
Satark AI,Ahmedabad,India,2025,1,0.0,,0.0,,0.0,2025-01-01,2026-04-06,Artificial Intelligence,"AI, Cybersecurity, Enterprise",0,0,0,0,0,0,0,0,0,0,0,0,1,0,0,0,0,0,N
SatLeo Labs,Ahmedabad,India,2023,3,2.2,0.7884573603642703,1.0,2.2,0.7333333333333334,2023-01-01,2026-04-06,Artificial Intelligence,"AI, earth-observation, Satellites",0,0,0,0,0,0,0,0,0,0,0,0,0,0,0,1,0,0,N
Scale AI,San Francisco,United States,2016,10,598.0,6.393590753950631,4.0,325.0,59.8,2016-01-01,2021-04-13,Artificial Intelligence,"Active, Artificial Intelligence, Machine Learning",1,1,0,0,0,0,0,0,0,0,0,0,0,0,0,1,1,0,Y
Scalvy,,United States,2023,3,13.9,2.631888840136646,1.0,13.9,4.633333333333334,2023-01-01,2026-03-26,AI Infrastructure,"ai-infra, Climate Tech, Energy",0,1,0,0,0,0,0,0,1,0,0,0,0,1,0,0,0,0,N
Scribd,San Francisco,United States,2007,19,96.0,4.564348191467836,4.0,58.0,5.052631578947368,2007-01-01,2015-01-01,Edtech,"Active, AI-Enhanced Learning, EdTech",1,1,0,0,0,0,0,0,0,0,0,0,0,0,0,1,1,0,Y
Sendbird,San Mateo,United States,2013,13,168.0,5.123963979403259,3.0,100.0,12.923076923076923,2013-01-01,2021-05-12,Artificial Intelligence,"Active, AI, Artificial Intelligence",0,1,0,0,0,0,0,0,0,0,0,0,0,0,0,1,1,0,Y
Sensesemi,Bengaluru,India,2014,12,2.7,0.9932517730102834,1.0,2.7,0.225,2014-01-01,2026-01-21,Artificial Intelligence,"AI, Edge Computing, IoT",0,0,0,0,0,0,0,0,0,0,0,0,0,0,0,1,0,0,N
Sensmet,,Finland,,,1.6,0.47000362924573563,1.0,1.6,,,2026-04-01,Climate Tech,"Industrial, metals, Monitoring",0,0,0,0,0,0,0,0,0,0,0,0,0,1,0,0,0,0,N
Serve First,Milton Keynes,United Kingdom,,,5.7,1.7404661748405046,1.0,5.7,,,2026-04-09,Artificial Intelligence,,0,0,0,0,0,0,0,0,0,0,0,0,0,0,0,1,0,0,N
Shepherd,Coe Township,United States,2022,4,42.0,3.7376696182833684,1.0,42.0,10.5,2022-01-01,2026-03-24,Artificial Intelligence,"AI, Construction, Insurance",0,1,0,0,0,0,0,0,0,0,0,0,0,0,0,1,0,0,N
Shield AI,San Diego,United States,2015,11,1500.0,7.313220387090301,1.0,1500.0,136.36363636363637,2015-01-01,2026-03-26,Artificial Intelligence,"AI, autonomy, Defense",0,1,0,0,0,0,0,0,0,0,0,0,0,0,0,1,1,1,N
SHINE Technologies,Janesville,United States,2010,16,240.0,5.480638923341991,1.0,240.0,15.0,2010-01-01,2026-02-26,Energy,"Energy, fusion, medical-isotopes",0,1,0,0,0,0,0,0,0,0,0,1,0,1,0,0,1,0,N
ShipBob,Chicago,United States,2014,12,400.0,5.991464547107982,2.0,200.0,33.333333333333336,2014-01-01,2022-06-15,Logistics,"Active, E-commerce, Logistics",0,1,0,0,0,0,0,0,0,0,0,0,0,0,0,1,1,0,N
Shotling,Copenhagen,Denmark,,,0.828,-0.18874212459687742,1.0,0.828,,,2026-02-02,Robotics,"Counter-UAS, Defense Tech, Hardware Systems",0,0,0,0,0,0,0,1,0,0,0,0,0,0,0,0,0,0,N
SiFive,Santa Clara,United States,,,400.0,5.991464547107982,1.0,400.0,,,2026-04-09,Artificial Intelligence,,1,1,0,0,0,0,0,0,0,0,0,0,0,0,0,1,1,0,N
Simile,Stanford,United States,2025,1,100.0,4.605170185988092,1.0,100.0,100.0,2025-01-01,2026-02-12,Artificial Intelligence,"AI, digital-twin, Enterprise",0,1,0,0,0,0,0,0,0,0,0,0,0,0,0,1,1,0,Y
Skedda,,Australia,,,0.0,,0.0,,,,2024-03-14,SaaS,"SaaS, Software",0,0,0,0,0,0,0,0,0,0,0,0,0,0,1,0,0,0,N
Skild AI,Pittsburgh,United States,2023,3,2500.0,7.824046010856292,5.0,1400.0,833.3333333333334,2023-01-01,2026-01-14,Artificial Intelligence,"AI, Foundation Model, Robotics",0,1,0,0,0,1,0,1,0,0,0,0,0,0,0,0,1,1,Y
Slate Auto,Troy,United States,,,650.0,6.476972362889683,1.0,650.0,,,2026-04-13,Climate Tech,,0,1,0,0,0,0,0,0,0,0,0,0,0,1,0,0,1,0,Y
Slate Medicines,Raleigh,United States,2025,1,130.0,4.867534450455582,1.0,130.0,130.0,2025-01-01,2026-02-24,Biotechnology,"Biotech, clinical-stage, migraine",0,1,0,0,0,0,0,0,0,0,0,1,0,0,0,0,1,0,N
Smart Garage,Gurugram,India,,,2.9,1.0647107369924282,1.0,2.9,,,2026-04-13,Enterprise Software,,0,0,0,0,0,0,0,0,0,0,0,0,0,0,1,0,0,0,N
Snyk,Boston,United States,2015,11,1800.0,7.495541943884256,11.0,530.0,163.63636363636363,2015-01-01,2022-12-12,Developer Tools,"Developer Tools, DevOps, Security",0,1,0,0,0,0,0,0,1,0,0,0,1,0,0,0,1,1,Y
Sokin,London,United Kingdom,2019,7,196.0,5.278114659230517,4.0,100.0,28.0,2019-01-01,2026-01-28,Fintech,"Business Payments, Cross-Border Financial Infrastructure., FinTech",0,0,0,1,0,0,0,0,0,0,1,0,0,0,0,0,1,0,N
Solugen,Houston,United States,2017,9,442.9,6.093344010929153,5.0,357.0,49.21111111111111,2017-01-01,2022-02-01,Biotechnology,"Active, Biotechnology, Climate",0,1,0,0,0,0,0,0,0,0,0,1,0,0,0,0,1,0,N
Space Protocol,Adelaide,Australia,2023,3,20.0,2.995732273553991,1.0,20.0,6.666666666666667,2023-01-01,2026-01-22,Artificial Intelligence,"AI, Blockchain, Financial Services",0,0,0,0,0,0,0,0,0,0,1,0,0,0,0,0,0,0,Y
Spade,Vancouver,Canada,2021,5,40.0,3.6888794541139363,1.0,40.0,8.0,2021-01-01,2026-03-24,Fintech,"Active, Developer Tools, FinTech",0,0,0,0,0,0,0,0,1,0,1,0,0,0,0,0,0,0,Y
Spangle,Seattle,United States,,,21.0,3.044522437723423,2.0,15.0,,,2026-01-08,Artificial Intelligence,"Artificial Intelligence, E-commerce, Retail Tech",0,1,0,0,0,0,0,0,0,0,0,0,0,0,0,1,0,0,N
Spector,Bengaluru,India,,,6.7,1.9021075263969205,1.0,6.7,,,2023-10-01,Artificial Intelligence,"Artificial Intelligence, Industrial Technology",0,0,0,0,0,0,0,0,0,0,0,0,0,0,0,1,0,0,N
SpotDraft,San Francisco,United States,2020,6,24.4,3.1945831322991562,5.0,11.0,4.066666666666666,2020-01-01,2026-01-27,Artificial Intelligence,"AI, Enterprise SaaS, Legal Tech",1,1,0,0,0,0,0,0,0,0,0,0,0,0,1,0,0,0,Y
Stacks,Greater London,United Kingdom,2024,2,23.0,3.1354942159291497,1.0,23.0,11.5,2024-01-01,2026-02-19,Enterprise Software,"Accounting, AI, Enterprise",0,0,0,1,0,0,0,0,0,0,0,0,0,0,1,0,0,0,Y
STAMP,Valencia,Spain,2023,3,7.5,2.0149030205422647,3.0,4.0,2.5,2023-01-01,2026-01-26,Fintech,"FinTech, Payments, RetailTech",0,0,0,0,0,0,0,0,0,0,1,0,0,0,0,0,0,0,N
Standard Cognition,San Francisco,United States,2017,9,190.0,5.247024072160486,2.0,150.0,21.11111111111111,2017-01-01,2021-05-18,Artificial Intelligence,"Active, AI, Retail",1,1,0,0,0,0,0,0,0,0,0,0,0,0,0,1,1,0,Y
Standing Ovation,Paris,France,2020,6,32.4,3.4781584227982836,1.0,32.4,5.3999999999999995,2020-01-01,2026-03-31,Biotechnology,"Biotech, dairy, FoodTech",0,0,0,0,0,0,0,0,0,0,0,1,0,0,0,0,0,0,N
Starcloud,Redmond,United States,2024,2,170.0,5.135798437050262,1.0,170.0,85.0,2024-01-01,2026-03-30,Artificial Intelligence,"AI, compute, data-center",0,1,0,0,0,0,0,0,0,0,0,0,0,0,0,1,1,0,Y
Stegra,Stockholm,Sweden,2020,6,3100.0,8.039157390473237,2.0,1700.0,516.6666666666666,2020-01-01,2026-04-17,Climate Tech,"Climate Tech, green-steel, Industrial",0,0,0,0,0,0,0,0,0,0,0,0,0,1,0,0,1,1,N
Stilla,Stockholm,Sweden,2024,2,5.0,1.6094379124341003,1.0,5.0,2.5,2024-01-01,2026-01-20,Artificial Intelligence,"AI, Collaboration Software, Productivity",0,0,0,0,0,0,0,0,0,0,0,0,0,0,1,0,0,0,Y
Stirlight,,United Kingdom,,,3.3,1.1939224684724346,2.0,1.6,,,2026-04-15,Artificial Intelligence,"Industrial Tech, Manufacturing, quality-assurance",0,0,0,0,0,0,0,0,0,0,0,0,0,0,0,1,0,0,N
Stoïk,Paris,France,,,20.0,2.995732273553991,1.0,20.0,,,2026-01-20,SaaS,"Cybersecurity, InsurTech, SaaS",0,0,0,0,0,0,0,0,0,0,1,0,1,0,1,0,0,0,N
Stream,Village/Town of Mount Kisco,United States,2022,4,90.0,4.499809670330265,1.0,90.0,22.5,2022-01-01,2026-01-20,Artificial Intelligence,"Active, B2B, FinTech",0,1,0,0,0,0,0,0,0,0,1,0,0,0,0,0,1,0,N
Stripe,Seattle,United States,2010,16,7900.0,8.974618038455112,9.0,6900.0,493.75,2010-01-01,2023-03-15,Fintech,"Active, Banking as a Service, FinTech",0,1,0,0,0,0,0,0,0,0,1,0,0,0,0,0,1,1,Y
Sukino,Bangalore,India,2016,10,37.3,3.6189933266497696,3.0,31.0,3.7299999999999995,2016-01-01,2026-01-13,Healthcare,"Healthcare, Medical Services, Post-Acute Care",0,0,0,0,0,0,0,0,0,0,0,1,0,0,0,0,0,0,Y
Sunday Robotics,Mountain View,United States,2024,2,165.0,5.10594547390058,1.0,165.0,82.5,2024-01-01,2026-03-12,Robotics,"Consumer, Hardware, humanoid",1,1,0,0,0,0,0,1,0,0,0,0,0,0,0,0,1,0,Y
Supabase,,Singapore,2020,6,502.0,6.218600119691729,7.0,200.0,83.66666666666667,2020-01-01,2024-11-14,Developer Tools,"Active, Big Data, Data Engineering",0,0,0,0,0,0,0,0,1,0,0,0,0,0,0,0,1,0,Y
Superstate,New York,United States,2023,3,100.0,4.605170185988092,3.0,82.0,33.333333333333336,2023-01-01,2026-01-22,Financial Services,"Financial Services, Financial Technology (FinTech)",0,1,1,0,0,0,0,0,0,0,1,0,0,0,0,0,1,0,N
Supertails,Bengaluru,India,2021,5,30.0,3.4011973816621555,1.0,30.0,6.0,2021-01-01,2026-04-02,Healthtech,"Ecommerce, India, Marketplace",0,0,0,0,0,0,0,0,0,0,0,1,0,0,0,0,0,0,N
Surf AI,Tel Aviv,Israel,2024,2,57.0,4.04305126783455,1.0,57.0,28.5,2024-01-01,2026-03-17,Artificial Intelligence,"AI, Cybersecurity, Enterprise",0,0,0,0,1,0,0,0,0,0,0,0,1,0,0,0,1,0,Y
Swageazy,Bengaluru,India,,,6.5,1.8718021769015913,1.0,6.5,,,2026-04-09,Enterprise Software,,0,0,0,0,0,0,0,0,0,0,0,0,0,0,1,0,0,0,N
SWISSto12,Lausanne,Switzerland,,,84.8,4.440295542797857,1.0,84.8,,,2026-01-21,Manufacturing,"3D Printing, Aerospace, Manufacturing",0,0,0,0,0,0,0,0,0,0,0,0,0,0,0,1,1,0,N
Sybol,Madrid,Spain,,,1.0,0.0,1.0,1.0,,,2026-04-09,SaaS,,0,0,0,0,0,0,0,0,0,0,0,0,0,0,1,0,0,0,N
Symbiotic Security,Manhattan,United States,2024,2,13.0,2.5649493574615367,2.0,10.0,6.5,2024-01-01,2026-01-22,Enterprise Software,"Cybersecurity, Enterprise Software",0,1,0,0,0,0,0,0,0,0,0,0,1,0,1,0,0,0,N
SynthBio Labs,,Singapore,2021,5,35.0,3.5553480614894135,1.0,35.0,7.0,2021-01-01,2026-01-10,Biotechnology,"Biotechnology, Food Tech, Sustainability",0,0,0,0,0,0,0,0,0,0,0,1,0,1,0,0,0,0,N
Synthesia,London,United Kingdom,2017,9,533.0,6.278521424165844,6.0,200.0,59.22222222222222,2017-01-01,2026-01-26,Artificial Intelligence,"Artificial Intelligence, Enterprise Software, Video Generation",0,0,0,1,0,0,1,0,0,0,0,0,0,0,1,0,1,0,Y
Taalas,Toronto,Canada,2024,2,169.0,5.1298987149230735,1.0,169.0,84.5,2024-01-01,2026-02-19,Artificial Intelligence,"AI, chips, inference",0,0,0,0,0,0,0,0,0,0,0,0,0,0,0,1,1,0,N
TakeTwo,San Francisco,United States,2025,1,0.0,,0.0,,0.0,2025-01-01,2026-01-28,Artificial Intelligence,"AI, Media & Entertainment, Technology",1,1,0,0,0,0,0,0,0,0,0,0,0,0,0,1,0,0,N
talentguide,Ghent,Belgium,2022,4,1.3,0.26236426446749106,1.0,1.3,0.325,2022-01-01,2026-02-05,Artificial Intelligence,"Artificial Intelligence, HR Tech, SaaS",0,0,0,0,0,0,0,0,0,0,0,0,0,0,1,0,0,0,N
Tara AI,San Jose,United States,2016,10,10.0,2.302585092994046,1.0,10.0,1.0,2016-01-01,2020-09-15,Artificial Intelligence,"Active, AI, Artificial Intelligence",1,1,0,0,0,0,0,0,0,0,0,0,0,0,0,1,0,0,Y
Taxnova,London,United Kingdom,2026,0,1.0,0.0,1.0,1.0,,2026-01-01,2026-02-04,Artificial Intelligence,"Artificial Intelligence, Compliance Software, FinTech",0,0,0,1,0,0,0,0,0,0,1,0,0,0,0,0,0,0,Y
Teespring,San Francisco,United States,,,55.0,4.007333185232471,2.0,35.0,,,2015-01-20,E-Commerce,"Active, E-commerce, Marketplace",1,1,0,0,0,0,0,0,0,0,0,0,0,0,0,1,0,0,Y
TeiaCare,Milan,Italy,,,7.0,1.9459101490553132,1.0,7.0,,,2026-04-09,Artificial Intelligence,,0,0,0,0,0,0,0,0,0,0,0,0,0,0,0,1,0,0,N
Terralayr,Munich,Germany,,,192.0,5.2574953720277815,1.0,192.0,,,2026-01-20,Energy,"CleanTech, Energy, Energy Storage",0,0,0,0,0,0,0,0,0,0,0,0,0,1,0,0,1,0,N
Test of Things,,Finland,2024,2,1.3,0.26236426446749106,1.0,1.3,0.65,2024-01-01,2026-03-31,Cybersecurity,"Compliance, connected-devices, Cybersecurity",0,0,0,0,0,0,0,0,0,0,0,0,1,0,0,0,0,0,N
Tether,San Salvador,El Salvador,2014,12,100.0,4.605170185988092,1.0,100.0,8.333333333333334,2014-01-01,2026-02-05,Fintech,"Blockchain Infrastructure, Cryptocurrency, Digital Asset Services",0,0,0,0,0,0,0,0,0,0,1,0,0,0,0,0,1,0,N
TetraxAI,Madrid,Spain,2024,2,1.0,0.0,1.0,1.0,0.5,2024-01-01,2026-01-29,Artificial Intelligence,"AI, ClimateTech, EnergyTech",0,0,0,0,0,0,0,0,0,0,0,0,0,1,0,0,0,0,N
The Guild,Denver,United States,2015,11,361.5,5.890262041598819,4.0,175.0,32.86363636363637,2015-01-01,2022-06-02,Edtech,"Adult Education, Corporate Training, EdTech",0,1,0,0,0,0,0,0,0,0,0,0,0,0,0,1,1,0,N
Thesis Care,New York,United States,2024,2,45.0,3.8066624897703196,1.0,45.0,22.5,2024-01-01,2026-03-25,Artificial Intelligence,"agents, AI, clinical",0,1,1,0,0,0,0,0,0,1,0,0,0,0,0,0,0,0,N
ThinkLabs AI,New York,United States,2023,3,28.0,3.332204510175204,1.0,28.0,9.333333333333334,2023-01-01,2026-03-31,Artificial Intelligence,"AI, Energy, grid",0,1,1,0,0,0,0,0,0,0,0,0,0,1,0,0,0,0,N
ThirdAI,Spokane,United States,2024,2,3.0,1.0986122886681098,1.0,3.0,1.5,2024-01-01,2026-02-11,Artificial Intelligence,"Artificial Intelligence, Causal AI, Industrial AI",0,1,0,0,0,0,0,0,0,0,0,0,0,0,0,1,0,0,N
Tivara,New York,United States,2024,2,4.6,1.5260563034950492,3.0,3.6,2.3,2024-01-01,2024-01-01,Fintech,FinTech,0,1,1,0,0,0,0,0,0,0,1,0,0,0,0,0,0,0,Y
Torq,New York,United States,2020,6,132.0,4.882801922586371,3.0,70.0,22.0,2020-01-01,2024-09-24,Artificial Intelligence,"AI, Cybersecurity, Security Operations",0,1,1,0,0,0,0,0,0,0,0,0,1,0,0,0,1,0,Y
Transak,London,United Kingdom,2019,7,0.0,,0.0,,0.0,2019-01-01,2026-04-08,Fintech,"Crypto, Payments, Web3",0,0,0,1,0,0,0,0,0,0,1,0,0,0,0,0,0,0,N
TraqCheck,Bengaluru,India,,,8.0,2.0794415416798357,1.0,8.0,,,2026-04-14,Artificial Intelligence,,0,0,0,0,0,0,0,0,0,0,0,0,0,0,0,1,0,0,N
Trent AI,London,United Kingdom,2025,1,13.0,2.5649493574615367,1.0,13.0,13.0,2025-01-01,2026-04-08,Artificial Intelligence,"agentic-ai, AI, Security",0,0,0,1,0,0,0,0,0,0,0,0,1,0,0,0,0,0,N
Treon,Tampere,Finland,,,6.8,1.916922612182061,1.0,6.8,,,2026-04-09,Artificial Intelligence,,0,0,0,0,0,0,0,0,0,0,0,0,0,0,0,1,0,0,N
Tripo AI,,China,2023,3,50.0,3.912023005428146,1.0,50.0,16.666666666666668,2023-01-01,2026-03-25,Artificial Intelligence,"3d, AI, Content Creation",0,0,0,0,0,0,0,0,0,0,0,0,0,0,0,1,1,0,N
Truveta,Bellevue,United States,2020,6,830.0,6.721425700790643,4.0,320.0,138.33333333333334,2020-01-01,2025-01-13,Healthtech,"Data Analytics, HealthTech",0,1,0,0,0,0,0,0,0,0,0,1,0,0,0,0,1,0,N
Tsecond.ai,,United States,,,21.5,3.068052935133617,1.0,21.5,,,2026-04-08,Artificial Intelligence,"Defense Tech, edge-ai, storage",0,1,0,0,0,0,0,0,0,0,0,0,0,0,0,1,0,0,N
Tucuvi,Madrid,Spain,2019,7,23.5,3.1570004211501135,2.0,20.0,3.357142857142857,2019-01-01,2026-01-08,Artificial Intelligence,"Artificial Intelligence, Healthcare, Medical Devices",0,0,0,0,0,0,0,0,0,0,0,1,0,0,0,0,0,0,N
Tulip,Somerville,United States,2014,12,290.9,5.672979565501156,5.0,120.0,24.241666666666664,2014-01-01,2026-01-15,Artificial Intelligence,"Artificial Intelligence, Automation, Manufacturing",0,1,0,0,0,0,0,0,0,1,0,0,0,0,0,0,1,0,Y
TWAICE,Munich,Germany,2018,8,98.6,4.591071261608589,6.0,30.0,12.325,2018-01-01,2026-02-06,Artificial Intelligence,"AI, Battery Analytics, EnergyTech",0,0,0,0,0,0,0,0,0,0,0,0,0,0,0,1,0,0,Y
Type One Energy,,United States,,,169.5,5.1328529268205045,2.0,87.0,,,2026-01-14,Energy,"Clean Energy, Fusion Energy, Nuclear",0,1,0,0,0,0,0,0,0,0,0,0,0,1,0,0,1,0,N
Unbabel,San Francisco,United States,2013,13,84.5,4.436751534363128,3.0,60.0,6.5,2013-01-01,2020-01-01,Artificial Intelligence,"Active, W14, YC Winter 2014",1,1,0,0,0,0,0,0,0,0,0,0,0,0,0,1,1,0,N
Unbox Robotics,Pune,India,,,28.0,3.332204510175204,1.0,28.0,,,2026-01-20,Robotics,"Automation, Logistics, Robotics",0,0,0,0,0,0,0,1,0,1,0,0,0,0,0,0,0,0,N
UnlimiTech,Tokyo,Japan,2025,1,0.475,-0.7444404749474959,1.0,0.475,0.475,2025-01-01,2026-01-08,Artificial Intelligence,"Artificial Intelligence, Enterprise Software, Manufacturing",0,0,0,0,0,0,0,0,0,0,0,0,0,0,1,0,0,0,N
Upwind,San Francisco,United States,2022,4,430.0,6.063785208687608,4.0,250.0,107.5,2022-01-01,2026-01-29,Cybersecurity,"Cloud Security, CNAPP, Cybersecurity",1,1,0,0,0,0,0,0,0,0,0,0,1,0,0,0,1,0,Y
Valeria,Barcelona,Spain,2024,2,2.0,0.6931471805599453,1.0,2.0,1.0,2024-01-01,2026-02-05,Artificial Intelligence,"Artificial Intelligence, Enterprise SaaS, FinTech",0,0,0,0,0,0,0,0,0,0,1,0,0,0,1,0,0,0,N
Valiance Health,Wilayah Persekutuan,Malaysia,2025,1,0.0,,0.0,,0.0,2025-01-01,2026-02-11,Artificial Intelligence,"AI, Health Analytics, Healthcare Data Infrastructure",0,0,0,0,0,0,0,0,0,0,0,1,0,0,0,0,0,0,N
Validfor,Tallinn,Estonia,,,1.2,0.1823215567939546,1.0,1.2,,,2026-04-01,Enterprise Software,"AI, Compliance, Life Sciences",0,0,0,0,0,0,0,0,0,0,0,0,0,0,1,0,0,0,N
Vanta,San Francisco,United States,2017,9,174.5,5.161924741642482,4.0,110.0,19.38888888888889,2017-01-01,2024-07-24,SaaS,"Active, B2B, Compliance",1,1,0,0,0,0,0,0,0,0,0,0,0,0,1,0,1,0,Y
Varaha,Gurugram (Gurgaon),India,2022,4,103.7,4.641502115235482,4.0,45.0,25.925,2022-01-01,2026-02-04,Climate Tech,"Carbon Removal, Climate Tech, Environmental Technology",0,0,0,0,0,0,0,0,0,0,0,0,0,1,0,0,0,0,N
Varthana,Bangalore,India,,,16.5,2.803360380906535,1.0,16.5,,,2026-01-21,Financial Services,"EdTech, Education Financing, Financial Services",0,0,0,0,0,0,0,0,0,0,1,0,0,0,0,0,0,0,N
Vennre,London,United Kingdom,2021,5,9.0,2.1972245773362196,1.0,9.0,1.8,2021-01-01,2026-01-26,Fintech,"FinTech, Islamic Finance, Private Markets",0,0,0,1,0,0,0,0,0,0,1,0,0,0,0,0,0,0,Y
Vercel,San Francisco,United States,2015,11,713.0,6.569481420414296,6.0,250.0,64.81818181818181,2015-01-01,2024-05-16,Developer Tools,"Cloud, Developer Tools, Infrastructure",1,1,0,0,0,0,0,0,1,0,0,0,0,0,0,0,1,0,Y
Veremark,London,United Kingdom,2018,8,37.5,3.624340932976365,3.0,26.0,4.6875,2018-01-01,2026-02-03,SaaS,"Background Screening, Blockchain-Enabled Credentialing, Compliance Tech",0,0,0,1,0,0,0,0,0,0,0,0,0,0,1,0,0,0,N
VieCure,Fort Worth,United States,2016,10,68.0,4.219507705176107,2.0,43.0,6.8,2016-01-01,2026-01-14,Healthcare,"Healthcare, Technology",0,1,0,0,0,0,0,0,0,0,0,1,0,0,0,0,0,0,N
Voxelo,Manchester,United Kingdom,2025,1,0.41,-0.8915981192837836,1.0,0.41,0.41,2025-01-01,2026-01-26,Artificial Intelligence,"3D/AR content creation, AI, Ecommerce",0,0,0,0,0,0,0,0,0,0,0,0,0,0,0,1,0,0,N
wamo,London,United Kingdom,,,10.0,2.302585092994046,1.0,10.0,,,2026-04-14,Fintech,,0,0,0,1,0,0,0,0,0,0,1,0,0,0,0,0,0,0,N
WanderOn,Delhi,India,2017,9,3.1,1.1314021114911006,2.0,2.5,0.34444444444444444,2017-01-01,2026-01-20,SaaS,"SaaS, Social, Travel",0,0,0,0,0,0,0,0,0,0,0,0,0,0,1,0,0,0,Y
Watchdog,Oslo,Norway,2025,1,0.0,,0.0,,0.0,2025-01-01,2026-02-02,Artificial Intelligence,"AI, B2B SaaS, FinTech",0,0,0,0,0,0,0,0,0,0,1,0,0,0,1,0,0,0,N
Wayve,London,United Kingdom,2017,9,1300.0,7.170119543449628,2.0,1200.0,144.44444444444446,2017-01-01,2026-04-15,Artificial Intelligence,"AI, autonomous-driving, embodied-ai",0,0,0,1,0,0,0,0,0,0,0,0,0,0,0,1,1,1,N
WealthAi,London,United Kingdom,2023,3,1.0,0.0,1.0,1.0,0.3333333333333333,2023-01-01,2026-01-30,Fintech,"AI operating system (AI OS), AI-native financial software, FinTech",0,0,0,1,0,0,0,0,0,0,1,0,0,0,0,0,0,0,N
Wearable Robotics,Pisa,Italy,2014,12,5.4,1.6863989535702288,1.0,5.4,0.45,2014-01-01,2026-04-03,Robotics,"exoskeletons, HealthTech, Medical Devices",0,0,0,0,0,0,0,1,0,0,0,1,0,0,0,0,0,0,N
Webflow,San Francisco,United States,2012,14,219.2,5.389984555073861,3.0,140.0,15.657142857142857,2012-01-01,2021-03-18,SaaS,"Active, Design, Marketing",1,1,0,0,0,0,0,0,0,0,0,0,0,0,1,0,1,0,Y
WePay,Redwood City,United States,2008,18,0.0,,0.0,,0.0,2008-01-01,2017-10-17,Fintech,"Acquired, FinTech, S09",1,1,0,0,0,0,0,0,0,0,1,0,0,0,0,0,0,0,N
Whatnot,Los Angeles,United States,2019,7,174.0,5.159055299214529,3.0,150.0,24.857142857142858,2019-01-01,2021-09-15,E-Commerce,"Active, E-commerce, Marketplace",0,1,0,0,0,0,0,0,0,0,0,0,0,0,0,1,1,0,Y
WhiteBridge AI,Vilnius,Lithuania,2024,2,2.8,1.0296194171811581,1.0,2.8,1.4,2024-01-01,2026-04-01,Artificial Intelligence,"AI, Identity, people-research",0,0,0,0,0,0,0,0,0,0,0,0,0,0,0,1,0,0,N
Whizzo,Bangalore,India,,,19.2,2.954910279033736,2.0,15.0,,,2026-01-20,Manufacturing,"Electronics, Industrial, Manufacturing",0,0,0,0,0,0,0,0,0,0,0,0,0,0,0,1,0,0,N
Willo,Espoo,Finland,2024,2,2.9,1.0647107369924282,1.0,2.9,1.45,2024-01-01,2026-02-05,Hardware,"Deep-tech, Energy Tech, Hardware",0,0,0,0,0,0,0,0,0,0,0,0,0,1,0,0,0,0,N
Windmill,nan,,,,,,,,,,,Artificial Intelligence,,0,0,0,0,0,0,0,0,0,0,0,0,0,0,0,1,0,0,N
Wise,London,United Kingdom,2011,15,1000.0,6.907755278982137,8.0,319.0,66.66666666666667,2011-01-01,2021-07-07,Payments,"Banking, Financial Technology, Payments",0,0,0,1,0,0,0,0,0,0,1,0,0,0,0,0,1,1,Y
Wonderful,Tel Aviv,Israel,2025,1,150.0,5.0106352940962555,1.0,150.0,150.0,2025-01-01,2026-03-12,Artificial Intelligence,"agents, AI, Customer Service",0,0,0,0,1,0,0,0,0,1,0,0,0,0,0,0,1,0,Y
World Labs,Palo Alto,United States,2024,2,1000.0,6.907755278982137,1.0,1000.0,500.0,2024-01-01,2026-02-18,Artificial Intelligence,"3d, AI, spatial-intelligence",1,1,0,0,0,0,0,0,0,0,0,0,0,0,0,1,1,1,N
Wrisk,London,United Kingdom,,,0.0,,0.0,,,,2026-01-20,Fintech,"FinTech, Insurance",0,0,0,1,0,0,0,0,0,0,1,0,0,0,0,0,0,0,N
xAI,San Francisco,United States,2023,3,88800.0,11.394141928980261,13.0,20000.0,29600.0,2023-01-01,2026-01-06,Artificial Intelligence,"Artificial Intelligence, Technology",1,1,0,0,0,0,0,0,0,0,0,0,0,0,0,1,1,1,Y
Xccelera,Bengaluru,India,2025,1,0.14,-1.9661128563728327,1.0,0.14,0.14,2025-01-01,2026-04-07,Artificial Intelligence,"agentic-ai, ai-agents, Automation",0,0,0,0,0,0,0,0,0,1,0,0,0,0,0,0,0,0,N
Xendit,Jakarta,Indonesia,2015,11,229.0,5.43372200355424,3.0,150.0,20.818181818181817,2015-01-01,2021-09-15,Fintech,"Active, FinTech, Payments",0,0,0,0,0,0,0,0,0,0,1,0,0,0,0,0,1,0,Y
XFX,Miami,United States,2025,1,17.0,2.833213344056216,1.0,17.0,17.0,2025-01-01,2026-03-26,Fintech,"Crypto, FinTech, fx",0,1,0,0,0,0,0,0,0,0,1,0,0,0,0,0,0,0,N
Xoople,Madrid,Spain,2019,7,130.0,4.867534450455582,1.0,130.0,18.571428571428573,2019-01-01,2026-04-06,Artificial Intelligence,"AI, Data, earth-observation",0,0,0,0,0,0,0,0,0,0,0,0,0,0,0,1,1,0,N
Xovian Aerospace,Bengaluru,India,2019,7,2.0,0.6931471805599453,1.0,2.0,0.2857142857142857,2019-01-01,2026-04-01,Defense Tech,"Defense, rf, satellite",0,0,0,0,0,0,0,0,0,0,0,0,0,0,0,1,0,0,N
ZaiNar,Belmont,United States,2017,9,100.0,4.605170185988092,1.0,100.0,11.11111111111111,2017-01-01,2026-02-19,Artificial Intelligence,"5g, AI, location",0,1,0,0,0,0,0,0,0,0,0,0,0,0,0,1,1,0,N
Zanskar Tech,Mumbai,India,2022,4,2.7,0.9932517730102834,1.0,2.7,0.675,2022-01-01,2026-04-06,Infrastructure Software,"brokerage, Capital Markets, FinTech",0,0,0,0,0,0,0,0,1,0,1,0,0,0,0,0,0,0,N
Zepo Intelligence,Madrid,Spain,2021,5,15.0,2.70805020110221,1.0,15.0,3.0,2021-01-01,2026-01-12,Artificial Intelligence,"AI Security, Cybersecurity, Human Risk Management",0,0,0,0,0,0,0,0,0,0,0,0,1,0,0,0,0,0,N
Zepto,Mumbai,India,2020,6,360.0,5.886104031450156,3.0,200.0,60.0,2020-01-01,2022-11-01,E-Commerce,"Active, Delivery, Grocery",0,0,0,0,0,0,0,0,0,0,0,0,0,0,0,1,1,0,Y
Zilo,Mumbai,India,2025,1,19.8,2.9856819377004897,2.0,15.3,19.8,2025-01-01,2026-02-05,Retail Tech,"Consumer Internet, E-commerce, Fashion Tech",0,0,0,0,0,0,0,0,0,0,0,0,0,0,0,1,0,0,N
Zocks,San Francisco,United States,2022,4,63.0,4.143134726391533,3.0,45.0,15.75,2022-01-01,2026-01-26,Artificial Intelligence,"AI, Financial Services, FinTech",1,1,0,0,0,0,0,0,0,0,1,0,0,0,0,0,0,0,Y
